VBELN,AUART,KUNNR,MATNR,KWMENG,NETWR,WADAT,WERKS,GBSTA,ERDAT
SO-39801436,OR,CUST-1045,MAT-CG-10028,25,168463.43,2026-12-15,PL-MUM,B,2025-12-09
SO-61830338,OR,CUST-1048,MAT-CG-10024,62,2118491.73,2026-11-20,PL-DEL,C,2025-09-25
SO-28468304,OR,CUST-1037,MAT-CG-10022,39,8487863.69,2026-12-29,PL-BLR,C,2025-12-26
SO-20633503,OR,CUST-1033,MAT-CG-10029,3,24785.77,2026-10-08,PL-NGP,C,2025-10-16
SO-24923247,OR,CUST-1031,MAT-CG-10034,110,2800180.94,2026-09-12,PL-HYD,B,2025-09-30
SO-18429833,OR,CUST-1064,MAT-CG-10051,119,3721131.25,2026-09-04,PL-NGP,B,2026-04-22
SO-49093864,OR,CUST-1001,MAT-CG-10046,38,415117.33,2026-10-31,PL-JAI,B,2026-05-20
SO-80260907,OR,CUST-1009,MAT-CG-10043,23,109731.25,2027-01-17,PL-NGP,B,2025-11-13
SO-73100462,OR,CUST-1082,MAT-CG-10002,101,539108.56,2026-12-04,PL-CHE,C,2026-08-15
SO-56278607,OR,CUST-1094,MAT-CG-10023,19,5627444.84,2026-09-26,PL-JAI,C,2026-03-06
SO-57284777,RO,CUST-1044,MAT-CG-10009,13,723035.31,2026-10-14,PL-PUN,C,2025-12-21
SO-28099607,OR,CUST-1092,MAT-CG-10041,48,3635067.39,2026-12-26,PL-MUM,A,2026-05-12
SO-15624520,OR,CUST-1040,MAT-CG-10003,53,417152.34,2027-01-17,PL-PUN,A,2026-08-05
SO-48401154,OR,CUST-1100,MAT-CG-10049,50,722876.98,2027-02-14,PL-KOL,A,2026-06-21
SO-63690013,CS,CUST-1057,MAT-CG-10024,113,4235184.54,2026-12-07,PL-KOL,A,2025-12-12
SO-59304469,RO,CUST-1035,MAT-CG-10045,129,1055588.13,2026-12-17,PL-DEL,B,2025-10-19
SO-49428661,OR,CUST-1014,MAT-CG-10012,141,13034454.63,2027-02-16,PL-CHE,A,2026-01-07
SO-32366682,CS,CUST-1057,MAT-CG-10039,111,3659141.63,2026-09-10,PL-KOL,B,2026-01-13
SO-20071854,CS,CUST-1082,MAT-CG-10018,16,1240253.05,2027-01-09,PL-BLR,A,2026-06-11
SO-14670638,OR,CUST-1009,MAT-CG-10039,114,3696388.26,2027-02-12,PL-KOL,A,2026-02-08
SO-91214453,OR,CUST-1087,MAT-CG-10037,10,909920.14,2026-12-03,PL-KOL,B,2026-07-15
SO-81062902,OR,CUST-1051,MAT-CG-10037,37,3302815.01,2026-11-10,PL-HYD,A,2026-08-10
SO-76980546,RO,CUST-1050,MAT-CG-10048,49,581391.19,2026-09-30,PL-CHE,A,2026-01-07
SO-75927774,OR,CUST-1016,MAT-CG-10014,75,1963913.89,2026-09-18,PL-PUN,A,2026-01-08
SO-99635939,OR,CUST-1091,MAT-CG-10006,83,1749856.62,2027-01-16,PL-CHE,A,2026-06-04
SO-58518659,RO,CUST-1029,MAT-CG-10046,46,468576.1,2026-10-21,PL-BLR,A,2025-12-14
SO-84359498,RO,CUST-1048,MAT-CG-10002,94,507451.86,2027-01-19,PL-BLR,B,2026-07-10
SO-63440127,CS,CUST-1093,MAT-CG-10005,81,1396941.36,2026-12-14,PL-AHM,B,2026-07-17
SO-96213226,OR,CUST-1058,MAT-CG-10009,83,4402471.39,2027-01-10,PL-KOL,A,2025-11-14
SO-27318510,OR,CUST-1065,MAT-CG-10041,48,3700541.88,2026-09-14,PL-DEL,B,2026-06-06
SO-31738837,OR,CUST-1091,MAT-CG-10020,44,5064920.32,2027-01-10,PL-CHE,A,2026-04-17
SO-46836194,OR,CUST-1081,MAT-CG-10013,143,2860869.21,2027-01-14,PL-DEL,B,2025-09-29
SO-30695604,OR,CUST-1085,MAT-CG-10011,150,11699542.22,2027-02-01,PL-KOL,B,2026-08-02
SO-16101779,CS,CUST-1099,MAT-CG-10002,22,120579.48,2027-02-13,PL-HYD,B,2026-01-22
SO-76845536,CS,CUST-1070,MAT-CG-10040,9,424783.62,2026-11-16,PL-PUN,A,2025-09-07
SO-70873663,OR,CUST-1089,MAT-CG-10026,78,7189089.41,2026-12-21,PL-AHM,B,2025-12-29
SO-91424562,OR,CUST-1041,MAT-CG-10014,89,2578222.78,2026-11-20,PL-KOL,B,2026-06-18
SO-79119463,RO,CUST-1014,MAT-CG-10049,96,1443792.34,2026-12-28,PL-DEL,A,2026-01-05
SO-22993840,OR,CUST-1038,MAT-CG-10016,38,1961970.47,2027-02-04,PL-AHM,A,2026-06-03
SO-51971886,OR,CUST-1098,MAT-CG-10021,149,20969201.08,2027-01-09,PL-PUN,B,2026-03-19
SO-22086184,OR,CUST-1065,MAT-CG-10032,7,182170.24,2026-10-31,PL-HYD,B,2026-02-24
SO-47763008,OR,CUST-1077,MAT-CG-10004,14,154401.61,2027-02-14,PL-PUN,A,2025-11-22
SO-67838146,OR,CUST-1034,MAT-CG-10001,29,117485.36,2026-12-12,PL-KOL,A,2026-01-30
SO-85405783,OR,CUST-1047,MAT-CG-10004,147,1550775.41,2026-09-18,PL-AHM,B,2026-01-05
SO-47543473,RO,CUST-1088,MAT-CG-10049,142,2224527.63,2026-10-02,PL-DEL,B,2026-02-13
SO-84870921,OR,CUST-1097,MAT-CG-10051,88,2580943.81,2027-02-01,PL-NGP,B,2025-12-10
SO-15222944,OR,CUST-1092,MAT-CG-10003,13,99731.85,2026-12-30,PL-NGP,B,2026-06-08
SO-28761086,OR,CUST-1079,MAT-CG-10039,133,4363825.83,2026-12-09,PL-JAI,C,2026-03-23
SO-78090664,RO,CUST-1069,MAT-CG-10038,88,1807604.61,2027-01-22,PL-CHE,B,2026-08-15
SO-24710878,OR,CUST-1075,MAT-CG-10024,86,2973873.85,2027-02-23,PL-MUM,B,2025-12-24
SO-87528776,OR,CUST-1093,MAT-CG-10017,150,8810595.52,2026-12-31,PL-BLR,B,2025-10-05
SO-29834119,CS,CUST-1032,MAT-CG-10047,99,735558.66,2027-02-26,PL-DEL,A,2026-08-14
SO-66207740,OR,CUST-1053,MAT-CG-10029,82,724046.74,2026-12-14,PL-NGP,B,2025-12-25
SO-28533117,RO,CUST-1027,MAT-CG-10048,17,192354.72,2027-02-16,PL-PUN,B,2026-02-12
SO-71694994,RO,CUST-1044,MAT-CG-10021,46,6839300.79,2027-02-20,PL-CHE,B,2025-12-19
SO-47447604,RO,CUST-1039,MAT-CG-10013,65,1285902.78,2026-11-15,PL-CHE,C,2026-05-09
SO-52552488,OR,CUST-1045,MAT-CG-10045,127,1005846.66,2026-11-09,PL-CHE,A,2025-11-03
SO-60961690,OR,CUST-1045,MAT-CG-10044,141,869041.48,2026-10-07,PL-CHE,A,2026-03-29
SO-56488123,OR,CUST-1084,MAT-CG-10046,22,228544.44,2026-12-31,PL-HYD,A,2025-11-21
SO-46456416,OR,CUST-1014,MAT-CG-10018,145,11571463.02,2027-01-28,PL-HYD,A,2026-07-29
SO-40289135,CS,CUST-1030,MAT-CG-10043,137,576599.36,2026-12-14,PL-KOL,C,2025-12-25
SO-10695441,RO,CUST-1021,MAT-CG-10007,37,1075637.58,2026-12-30,PL-PUN,C,2026-05-13
SO-53106399,OR,CUST-1083,MAT-CG-10049,75,1086142.78,2026-09-22,PL-JAI,A,2025-11-23
SO-33496796,OR,CUST-1023,MAT-CG-10048,11,130866.11,2026-09-09,PL-AHM,B,2026-05-20
SO-15028625,OR,CUST-1039,MAT-CG-10048,76,860777.56,2026-09-27,PL-KOL,A,2026-01-03
SO-80372842,OR,CUST-1018,MAT-CG-10042,141,442463.76,2026-12-28,PL-CHE,A,2026-06-27
SO-71594457,CS,CUST-1033,MAT-CG-10022,43,9113932.03,2026-09-03,PL-KOL,A,2025-11-06
SO-33554528,RO,CUST-1082,MAT-CG-10044,51,311967.84,2026-12-18,PL-NGP,A,2026-07-10
SO-34800912,OR,CUST-1062,MAT-CG-10026,26,2489946.23,2026-11-02,PL-MUM,A,2026-02-08
SO-45835371,OR,CUST-1039,MAT-CG-10016,116,5704582.42,2027-01-24,PL-MUM,A,2025-09-23
SO-18338186,CS,CUST-1016,MAT-CG-10024,62,2192261.18,2026-10-10,PL-AHM,C,2025-12-09
SO-25759274,CS,CUST-1038,MAT-CG-10046,81,854912.73,2026-10-26,PL-HYD,A,2025-12-22
SO-91300905,OR,CUST-1054,MAT-CG-10010,118,7713088.41,2026-12-29,PL-NGP,C,2026-05-04
SO-89968863,OR,CUST-1068,MAT-CG-10049,65,995362.84,2026-12-01,PL-DEL,B,2026-06-27
SO-77845324,OR,CUST-1074,MAT-CG-10004,142,1494603.56,2026-10-12,PL-KOL,B,2026-01-09
SO-88268756,OR,CUST-1012,MAT-CG-10008,54,2344768.94,2026-12-23,PL-MUM,B,2026-06-17
SO-71310453,RO,CUST-1008,MAT-CG-10033,108,1883401.98,2027-02-19,PL-CHE,C,2026-08-12
SO-10404729,CS,CUST-1028,MAT-CG-10026,67,6649344.57,2026-09-11,PL-AHM,A,2025-08-30
SO-18087373,OR,CUST-1061,MAT-CG-10005,140,2263985.13,2026-12-13,PL-BLR,A,2025-09-29
SO-60259293,OR,CUST-1058,MAT-CG-10047,109,910796.42,2026-12-05,PL-AHM,A,2025-09-08
SO-27849589,CS,CUST-1045,MAT-CG-10043,140,595003.79,2027-01-15,PL-AHM,B,2026-06-19
SO-10466177,OR,CUST-1039,MAT-CG-10047,59,466490.54,2027-01-17,PL-AHM,B,2026-02-10
SO-71824078,OR,CUST-1020,MAT-CG-10015,65,2237411.13,2026-09-28,PL-MUM,C,2026-01-21
SO-42301683,OR,CUST-1009,MAT-CG-10040,6,275532.37,2026-09-08,PL-PUN,B,2025-09-13
SO-42847661,CS,CUST-1006,MAT-CG-10046,14,148489.41,2026-10-29,PL-NGP,A,2026-07-26
SO-48824283,OR,CUST-1094,MAT-CG-10009,130,7001667.09,2027-01-25,PL-JAI,C,2026-03-12
SO-29228089,CS,CUST-1067,MAT-CG-10016,79,3692005.67,2026-11-15,PL-CHE,A,2025-11-11
SO-94019376,CS,CUST-1055,MAT-CG-10038,46,953567.71,2026-09-12,PL-KOL,C,2025-09-14
SO-52779814,CS,CUST-1054,MAT-CG-10025,136,7783357.38,2026-11-15,PL-AHM,A,2025-11-21
SO-40245233,OR,CUST-1091,MAT-CG-10031,63,1108646.37,2026-12-27,PL-MUM,B,2026-01-24
SO-81134297,OR,CUST-1050,MAT-CG-10027,144,19214294.09,2026-10-22,PL-KOL,C,2026-07-14
SO-22410307,RO,CUST-1093,MAT-CG-10029,96,863613.11,2026-09-13,PL-CHE,B,2025-09-13
SO-19768947,OR,CUST-1098,MAT-CG-10039,12,408838.7,2027-02-18,PL-NGP,A,2025-12-21
SO-50693207,OR,CUST-1028,MAT-CG-10014,87,2545533.67,2026-09-30,PL-PUN,A,2025-09-01
SO-63235053,OR,CUST-1071,MAT-CG-10039,54,1772558.55,2026-11-11,PL-AHM,B,2025-11-23
SO-51395738,OR,CUST-1047,MAT-CG-10042,93,278751.85,2027-01-05,PL-PUN,A,2025-12-26
SO-37263310,OR,CUST-1041,MAT-CG-10049,83,1265159.06,2027-01-22,PL-HYD,C,2026-06-10
SO-84264220,RO,CUST-1075,MAT-CG-10002,68,380044.45,2026-11-14,PL-BLR,A,2026-03-08
SO-86475853,OR,CUST-1064,MAT-CG-10015,99,3542237.24,2027-02-22,PL-KOL,A,2025-12-16
SO-71851421,OR,CUST-1094,MAT-CG-10047,127,1050727.89,2026-10-13,PL-BLR,C,2025-11-17
SO-82764376,CS,CUST-1008,MAT-CG-10032,49,1287090.73,2026-09-19,PL-MUM,A,2026-01-24
SO-19122502,CS,CUST-1020,MAT-CG-10009,61,3029122.03,2027-01-07,PL-PUN,A,2026-07-24
SO-98487646,OR,CUST-1003,MAT-CG-10040,125,5660587.44,2027-01-19,PL-AHM,A,2026-08-15
SO-81905550,OR,CUST-1003,MAT-CG-10034,72,1885540.78,2027-02-25,PL-AHM,A,2026-06-30
SO-29984682,OR,CUST-1025,MAT-CG-10007,136,4072248.35,2026-11-03,PL-KOL,A,2026-02-01
SO-64496076,OR,CUST-1073,MAT-CG-10006,97,2098964.44,2027-02-25,PL-HYD,A,2025-09-07
SO-22549425,OR,CUST-1049,MAT-CG-10006,10,220567.69,2026-12-30,PL-MUM,C,2026-08-19
SO-21097943,OR,CUST-1056,MAT-CG-10045,45,360550.74,2026-11-23,PL-JAI,A,2025-11-26
SO-38375916,CS,CUST-1073,MAT-CG-10003,60,469634.78,2026-09-11,PL-DEL,C,2026-04-02
SO-98329927,OR,CUST-1023,MAT-CG-10035,146,6653807.33,2026-11-19,PL-MUM,A,2025-10-27
SO-20326375,OR,CUST-1021,MAT-CG-10010,103,6606975.22,2027-01-23,PL-AHM,C,2025-11-20
SO-28783850,CS,CUST-1093,MAT-CG-10022,100,19364303.2,2026-11-27,PL-MUM,A,2026-01-12
SO-55713584,RO,CUST-1099,MAT-CG-10015,21,757942.38,2027-01-30,PL-AHM,A,2026-08-08
SO-70471823,OR,CUST-1030,MAT-CG-10041,71,5074222.71,2026-12-05,PL-AHM,A,2025-09-09
SO-21501669,RO,CUST-1038,MAT-CG-10038,99,2120821.34,2026-09-18,PL-DEL,A,2026-06-06
SO-62294176,OR,CUST-1047,MAT-CG-10025,41,2246750.82,2026-09-01,PL-CHE,B,2026-02-20
SO-23721268,OR,CUST-1012,MAT-CG-10049,71,1047743.83,2026-12-23,PL-NGP,B,2025-12-04
SO-13524813,OR,CUST-1046,MAT-CG-10027,28,3903849.29,2027-01-30,PL-JAI,A,2026-02-07
SO-65540647,OR,CUST-1100,MAT-CG-10001,76,281218.69,2027-01-21,PL-HYD,B,2025-11-30
SO-32750139,OR,CUST-1035,MAT-CG-10011,99,7380455.87,2027-01-04,PL-BLR,A,2026-05-30
SO-66519399,OR,CUST-1062,MAT-CG-10028,72,475767.17,2026-12-01,PL-CHE,A,2025-10-07
SO-71453148,OR,CUST-1018,MAT-CG-10032,52,1324385.67,2026-12-10,PL-KOL,B,2026-02-10
SO-54927535,OR,CUST-1084,MAT-CG-10022,114,24995964.42,2026-10-04,PL-CHE,A,2025-10-19
SO-74291599,OR,CUST-1023,MAT-CG-10045,53,443149.72,2026-11-20,PL-CHE,C,2025-09-02
SO-87293208,OR,CUST-1042,MAT-CG-10041,127,9102496.5,2026-12-09,PL-KOL,A,2025-11-08
SO-34149421,CS,CUST-1099,MAT-CG-10013,141,2920572.99,2026-12-27,PL-HYD,B,2026-03-27
SO-64914054,CS,CUST-1064,MAT-CG-10045,19,141739.69,2026-11-16,PL-HYD,A,2025-09-20
SO-60598851,OR,CUST-1058,MAT-CG-10010,110,7470957.28,2026-12-31,PL-JAI,B,2025-11-23
SO-82966824,OR,CUST-1047,MAT-CG-10033,109,1938284.92,2027-01-15,PL-JAI,C,2026-07-11
SO-98261798,CS,CUST-1046,MAT-CG-10007,65,1825600.15,2027-02-03,PL-MUM,B,2025-09-27
SO-54506155,OR,CUST-1014,MAT-CG-10044,104,561860.16,2026-11-05,PL-HYD,B,2025-12-01
SO-87206788,OR,CUST-1058,MAT-CG-10036,150,8818901.22,2026-12-27,PL-JAI,C,2025-12-10
SO-13296743,OR,CUST-1014,MAT-CG-10010,90,5559445.87,2026-09-21,PL-DEL,C,2026-06-12
SO-56045630,OR,CUST-1027,MAT-CG-10023,81,23546775.14,2026-11-28,PL-PUN,A,2026-01-11
SO-52803305,OR,CUST-1039,MAT-CG-10047,117,870991.85,2026-09-29,PL-MUM,A,2025-09-26
SO-42737441,RO,CUST-1023,MAT-CG-10007,44,1305263.2,2026-11-23,PL-NGP,B,2025-12-30
SO-94524999,OR,CUST-1024,MAT-CG-10015,105,3803516.39,2026-12-19,PL-AHM,A,2025-10-13
SO-89484162,OR,CUST-1050,MAT-CG-10013,117,2240869.07,2026-10-24,PL-HYD,A,2026-07-22
SO-82060023,OR,CUST-1047,MAT-CG-10037,28,2503565.34,2026-12-26,PL-DEL,A,2025-09-14
SO-95779702,OR,CUST-1077,MAT-CG-10032,137,3531126.63,2026-12-09,PL-JAI,A,2026-02-26
SO-92861016,OR,CUST-1087,MAT-CG-10023,119,35480008.38,2026-11-15,PL-JAI,B,2026-07-11
SO-52035079,OR,CUST-1031,MAT-CG-10044,36,203044.91,2026-10-16,PL-KOL,C,2026-06-12
SO-66135102,RO,CUST-1018,MAT-CG-10033,101,1765218.26,2026-12-17,PL-BLR,B,2025-10-02
SO-84479105,OR,CUST-1063,MAT-CG-10035,46,1920372.67,2026-10-17,PL-KOL,B,2025-10-10
SO-11286267,OR,CUST-1018,MAT-CG-10004,93,932613.96,2026-12-07,PL-NGP,B,2025-09-23
SO-75998330,OR,CUST-1091,MAT-CG-10032,106,2906223.85,2027-01-03,PL-BLR,A,2025-11-07
SO-49203644,OR,CUST-1036,MAT-CG-10002,58,302500.85,2026-11-12,PL-BLR,B,2025-11-07
SO-83782999,RO,CUST-1015,MAT-CG-10048,128,1450679.54,2026-11-07,PL-NGP,A,2025-11-19
SO-69239219,RO,CUST-1028,MAT-CG-10049,12,197736.83,2026-09-26,PL-HYD,A,2026-08-07
SO-56785209,OR,CUST-1057,MAT-CG-10029,69,623683.23,2026-09-30,PL-HYD,A,2025-10-26
SO-91907952,CS,CUST-1055,MAT-CG-10045,91,681521.93,2026-10-05,PL-HYD,A,2026-07-24
SO-81441519,OR,CUST-1077,MAT-CG-10037,91,8383275.93,2026-11-21,PL-CHE,A,2025-11-03
SO-22780905,OR,CUST-1097,MAT-CG-10018,133,10860746.25,2026-09-15,PL-CHE,C,2026-06-20
SO-43511112,OR,CUST-1092,MAT-CG-10045,35,268090.54,2026-11-02,PL-AHM,B,2026-06-12
SO-94263610,OR,CUST-1049,MAT-CG-10037,70,6371286.22,2027-02-09,PL-DEL,B,2025-12-03
SO-59535894,OR,CUST-1063,MAT-CG-10048,73,799391.7,2026-08-31,PL-DEL,C,2026-01-01
SO-18500100,RO,CUST-1051,MAT-CG-10041,93,6516397.99,2026-12-18,PL-HYD,B,2026-04-08
SO-55332729,RO,CUST-1074,MAT-CG-10021,74,10370538.04,2027-01-02,PL-KOL,C,2026-07-30
SO-94044392,OR,CUST-1003,MAT-CG-10003,27,200979.01,2026-10-10,PL-PUN,B,2026-08-23
SO-27705074,CS,CUST-1039,MAT-CG-10028,53,320996.41,2026-11-09,PL-DEL,C,2026-02-20
SO-59908025,CS,CUST-1084,MAT-CG-10017,23,1373829.64,2026-12-10,PL-CHE,C,2025-08-30
SO-67610401,CS,CUST-1012,MAT-CG-10049,61,967730.37,2026-08-31,PL-HYD,B,2026-07-15
SO-79718627,CS,CUST-1057,MAT-CG-10009,59,2929870.16,2027-02-25,PL-KOL,A,2026-01-19
SO-74115841,OR,CUST-1030,MAT-CG-10045,35,270420.93,2026-09-26,PL-DEL,A,2026-02-16
SO-61367949,OR,CUST-1083,MAT-CG-10020,37,4731653.39,2026-10-06,PL-DEL,B,2025-11-08
SO-69069144,OR,CUST-1093,MAT-CG-10001,44,165894.44,2026-10-08,PL-AHM,B,2025-09-06
SO-21635070,OR,CUST-1018,MAT-CG-10029,57,507523.72,2027-01-28,PL-AHM,A,2026-01-16
SO-43257324,OR,CUST-1083,MAT-CG-10021,37,5150047.34,2027-01-19,PL-JAI,B,2025-10-16
SO-98369672,OR,CUST-1027,MAT-CG-10019,8,734848.99,2027-01-08,PL-HYD,C,2026-02-04
SO-42123815,OR,CUST-1050,MAT-CG-10019,15,1300445.31,2027-01-05,PL-JAI,A,2025-11-26
SO-52476240,OR,CUST-1050,MAT-CG-10001,94,387656.42,2027-01-23,PL-AHM,A,2025-11-17
SO-73218512,OR,CUST-1003,MAT-CG-10044,46,269901.09,2026-09-03,PL-CHE,A,2026-08-03
SO-77996124,OR,CUST-1081,MAT-CG-10004,103,1110503.56,2026-12-15,PL-AHM,C,2026-01-30
SO-82162880,RO,CUST-1020,MAT-CG-10006,139,3022652.21,2026-11-18,PL-DEL,B,2026-05-11
SO-53855682,OR,CUST-1076,MAT-CG-10010,139,9002635.4,2027-02-13,PL-DEL,A,2025-08-31
SO-17772004,OR,CUST-1012,MAT-CG-10028,63,424202.37,2026-09-29,PL-PUN,B,2025-10-16
SO-99399687,CS,CUST-1085,MAT-CG-10004,81,876614.26,2026-09-30,PL-MUM,C,2026-06-14
SO-31989243,OR,CUST-1045,MAT-CG-10045,4,31516.49,2026-11-05,PL-BLR,A,2026-06-20
SO-25845304,OR,CUST-1043,MAT-CG-10048,70,818936.18,2026-11-08,PL-NGP,A,2026-04-11
SO-94226031,OR,CUST-1064,MAT-CG-10046,149,1592142.58,2026-12-01,PL-MUM,B,2025-11-06
SO-31113788,OR,CUST-1099,MAT-CG-10011,96,6953948.77,2027-01-24,PL-DEL,A,2025-12-06
SO-11649277,OR,CUST-1006,MAT-CG-10001,13,50850.59,2026-12-07,PL-BLR,A,2026-08-05
SO-40133935,OR,CUST-1032,MAT-CG-10036,109,6446614.78,2026-11-20,PL-CHE,A,2025-11-04
SO-77382794,CS,CUST-1007,MAT-CG-10024,32,1086270.75,2027-01-10,PL-MUM,B,2026-07-19
SO-51701149,OR,CUST-1012,MAT-CG-10030,74,940959.98,2026-09-02,PL-KOL,A,2026-03-27
SO-93579731,OR,CUST-1060,MAT-CG-10037,79,7106192.68,2027-01-04,PL-HYD,C,2025-11-17
SO-30208677,OR,CUST-1053,MAT-CG-10049,64,922002.4,2027-01-16,PL-KOL,C,2025-09-02
SO-10196231,CS,CUST-1049,MAT-CG-10001,87,358227.48,2026-11-17,PL-DEL,A,2025-11-25
SO-76038997,OR,CUST-1019,MAT-CG-10016,109,5455534.01,2026-09-23,PL-MUM,A,2025-11-30
SO-71533194,CS,CUST-1011,MAT-CG-10027,97,13573600.61,2027-01-07,PL-BLR,C,2026-02-03
SO-18359464,OR,CUST-1085,MAT-CG-10005,147,2706849.91,2026-10-30,PL-CHE,A,2026-03-15
SO-52688984,OR,CUST-1035,MAT-CG-10026,85,8035797.43,2026-10-21,PL-BLR,B,2026-06-29
SO-32062036,OR,CUST-1060,MAT-CG-10010,29,1796145.57,2026-09-30,PL-NGP,A,2026-05-09
SO-72189327,OR,CUST-1016,MAT-CG-10029,80,648971.47,2027-02-22,PL-CHE,C,2025-09-01
SO-38859601,OR,CUST-1019,MAT-CG-10039,12,380962.52,2026-11-02,PL-KOL,B,2025-12-04
SO-44918995,OR,CUST-1004,MAT-CG-10004,78,868159.71,2026-12-24,PL-NGP,C,2025-11-15
SO-72014395,OR,CUST-1018,MAT-CG-10016,26,1197586.62,2026-09-15,PL-HYD,A,2026-05-14
SO-94597104,CS,CUST-1011,MAT-CG-10026,97,9631975.83,2026-11-05,PL-DEL,A,2026-07-21
SO-27286109,OR,CUST-1043,MAT-CG-10013,115,2241399.35,2026-12-27,PL-MUM,A,2025-11-03
SO-76588957,OR,CUST-1049,MAT-CG-10028,103,671555.9,2026-10-14,PL-KOL,A,2026-05-20
SO-69862640,OR,CUST-1005,MAT-CG-10018,73,5824381.2,2027-02-04,PL-HYD,C,2026-03-25
SO-83912181,OR,CUST-1008,MAT-CG-10032,107,2640685.79,2026-12-07,PL-BLR,B,2026-05-13
SO-43440045,CS,CUST-1070,MAT-CG-10042,136,423593.22,2026-12-06,PL-KOL,B,2025-11-18
SO-56175477,RO,CUST-1065,MAT-CG-10051,126,3791300.05,2026-11-08,PL-BLR,A,2026-03-13
SO-13933043,OR,CUST-1008,MAT-CG-10039,58,2036061.01,2026-12-29,PL-NGP,A,2025-10-28
SO-23439803,OR,CUST-1085,MAT-CG-10015,42,1438554.38,2027-01-14,PL-MUM,A,2025-11-02
SO-33315234,OR,CUST-1031,MAT-CG-10025,92,5401845.07,2027-02-25,PL-KOL,B,2026-08-09
SO-86188876,RO,CUST-1019,MAT-CG-10046,92,997910.0,2026-10-18,PL-PUN,B,2026-03-18
SO-15095407,OR,CUST-1008,MAT-CG-10012,127,12004714.22,2026-10-26,PL-MUM,B,2025-12-22
SO-92427773,OR,CUST-1017,MAT-CG-10001,86,330244.68,2026-10-15,PL-KOL,A,2026-08-12
SO-24887509,RO,CUST-1047,MAT-CG-10010,38,2570750.9,2026-12-04,PL-AHM,B,2026-07-03
SO-53299069,OR,CUST-1021,MAT-CG-10022,79,16775276.17,2026-12-20,PL-PUN,C,2026-03-14
SO-92370625,OR,CUST-1029,MAT-CG-10012,145,14563003.56,2026-10-14,PL-AHM,A,2025-09-05
SO-33851602,CS,CUST-1001,MAT-CG-10019,34,3309817.06,2027-01-24,PL-AHM,B,2026-08-07
SO-92058189,OR,CUST-1082,MAT-CG-10012,83,8222790.15,2027-01-05,PL-BLR,A,2026-07-15
SO-52885071,OR,CUST-1082,MAT-CG-10016,90,4610228.84,2026-09-22,PL-KOL,B,2026-08-18
SO-43492807,CS,CUST-1009,MAT-CG-10017,55,3373848.0,2026-09-27,PL-MUM,A,2026-02-07
SO-32325567,OR,CUST-1064,MAT-CG-10029,109,987387.15,2026-11-28,PL-NGP,B,2026-07-03
SO-97371655,CS,CUST-1029,MAT-CG-10031,149,2629057.0,2026-09-18,PL-MUM,A,2026-08-13
SO-24055958,OR,CUST-1044,MAT-CG-10021,68,9584869.34,2026-12-05,PL-BLR,C,2026-07-16
SO-55358959,RO,CUST-1079,MAT-CG-10036,25,1577791.04,2026-09-07,PL-AHM,C,2026-05-31
SO-31086112,OR,CUST-1013,MAT-CG-10039,113,3714256.06,2026-10-18,PL-AHM,C,2025-11-13
SO-45603234,CS,CUST-1037,MAT-CG-10047,140,1081307.88,2026-09-24,PL-MUM,B,2025-11-04
SO-30614492,OR,CUST-1047,MAT-CG-10036,127,7075391.69,2026-09-22,PL-CHE,C,2025-10-07
SO-36799898,OR,CUST-1004,MAT-CG-10039,124,4003778.96,2027-02-10,PL-CHE,A,2025-12-24
SO-63347164,OR,CUST-1063,MAT-CG-10008,80,3471895.94,2026-11-06,PL-DEL,C,2025-11-18
SO-59797531,OR,CUST-1048,MAT-CG-10025,49,2716749.07,2026-09-11,PL-CHE,B,2025-12-28
SO-46045780,RO,CUST-1008,MAT-CG-10017,59,3516774.54,2027-02-25,PL-DEL,A,2025-09-15
SO-65564347,RO,CUST-1030,MAT-CG-10023,140,40881421.95,2026-12-08,PL-NGP,B,2025-11-22
SO-86868410,OR,CUST-1061,MAT-CG-10044,123,693089.6,2026-12-10,PL-MUM,B,2025-11-04
SO-93251648,OR,CUST-1016,MAT-CG-10034,148,4116662.55,2026-12-23,PL-BLR,A,2026-05-07
SO-15727862,OR,CUST-1011,MAT-CG-10013,34,746860.34,2026-12-20,PL-HYD,C,2026-06-09
SO-52916049,CS,CUST-1009,MAT-CG-10039,68,2157455.61,2027-01-20,PL-AHM,B,2026-03-10
SO-71492815,OR,CUST-1090,MAT-CG-10018,135,10784312.0,2027-01-11,PL-AHM,A,2026-01-23
SO-86046949,RO,CUST-1075,MAT-CG-10010,39,2568698.19,2026-09-25,PL-DEL,B,2026-07-03
SO-81891508,OR,CUST-1053,MAT-CG-10051,75,2238235.96,2027-02-14,PL-PUN,B,2025-10-16
SO-33112256,OR,CUST-1052,MAT-CG-10031,11,193559.04,2027-02-02,PL-AHM,A,2026-02-02
SO-16615722,CS,CUST-1061,MAT-CG-10022,62,13499624.59,2026-12-04,PL-MUM,A,2026-03-21
SO-75984013,CS,CUST-1088,MAT-CG-10020,73,8248586.63,2026-10-28,PL-BLR,A,2026-01-09
SO-46160937,CS,CUST-1054,MAT-CG-10050,84,1912472.93,2026-09-22,PL-HYD,B,2026-05-07
SO-79323646,OR,CUST-1008,MAT-CG-10027,126,17472897.42,2026-10-10,PL-DEL,A,2025-12-07
SO-80368504,RO,CUST-1004,MAT-CG-10026,36,3373974.54,2026-10-21,PL-MUM,A,2026-08-07
SO-58368724,CS,CUST-1026,MAT-CG-10030,14,171161.63,2026-12-27,PL-NGP,B,2025-10-02
SO-42472381,OR,CUST-1063,MAT-CG-10008,9,375101.36,2026-10-15,PL-PUN,B,2025-11-14
SO-31946425,OR,CUST-1096,MAT-CG-10023,90,27286566.22,2026-09-23,PL-CHE,A,2026-02-07
SO-86807176,OR,CUST-1029,MAT-CG-10004,43,459523.16,2027-02-20,PL-HYD,A,2025-09-24
SO-12691381,CS,CUST-1002,MAT-CG-10027,133,18338256.82,2026-10-03,PL-BLR,B,2026-08-19
SO-91650533,OR,CUST-1092,MAT-CG-10015,66,2497248.65,2027-02-11,PL-CHE,B,2026-02-12
SO-43822694,OR,CUST-1060,MAT-CG-10023,119,33543297.21,2027-01-11,PL-JAI,B,2025-10-28
SO-78654208,CS,CUST-1048,MAT-CG-10007,3,89112.5,2027-01-30,PL-JAI,A,2026-03-24
SO-74657836,OR,CUST-1044,MAT-CG-10044,29,179527.95,2027-02-10,PL-KOL,A,2026-04-12
SO-35281262,OR,CUST-1067,MAT-CG-10042,78,241990.11,2026-09-14,PL-JAI,B,2025-09-19
SO-13416548,CS,CUST-1064,MAT-CG-10021,37,5844076.57,2026-11-05,PL-AHM,B,2026-02-06
SO-88252116,CS,CUST-1074,MAT-CG-10048,11,128842.81,2026-11-26,PL-HYD,C,2025-11-23
SO-58116670,RO,CUST-1039,MAT-CG-10041,123,9401203.79,2027-02-15,PL-NGP,A,2026-03-26
SO-27172371,CS,CUST-1034,MAT-CG-10007,122,3705705.99,2027-01-21,PL-BLR,C,2026-03-05
SO-39830361,OR,CUST-1029,MAT-CG-10042,24,74246.19,2026-11-17,PL-AHM,A,2026-02-14
SO-72244897,OR,CUST-1061,MAT-CG-10017,77,4524329.52,2027-02-09,PL-JAI,B,2025-10-10
SO-36111227,RO,CUST-1016,MAT-CG-10005,122,2218122.52,2026-12-06,PL-NGP,A,2026-01-24
SO-28436852,OR,CUST-1044,MAT-CG-10004,40,413591.33,2027-01-23,PL-PUN,A,2026-03-15
SO-20846331,OR,CUST-1043,MAT-CG-10046,48,525522.91,2026-10-15,PL-KOL,C,2026-07-25
SO-46712288,OR,CUST-1098,MAT-CG-10001,117,476933.43,2027-01-25,PL-BLR,B,2026-07-09
SO-95025258,OR,CUST-1052,MAT-CG-10009,113,5962905.88,2026-12-31,PL-AHM,A,2026-08-04
SO-60076822,OR,CUST-1042,MAT-CG-10035,53,2360935.32,2027-01-13,PL-HYD,A,2025-09-11
SO-40368869,CS,CUST-1045,MAT-CG-10001,65,248586.15,2026-09-26,PL-AHM,B,2025-10-26
SO-18762675,OR,CUST-1039,MAT-CG-10020,44,5594266.94,2026-12-25,PL-NGP,B,2025-11-28
SO-27956913,OR,CUST-1063,MAT-CG-10022,113,22789227.01,2026-10-18,PL-BLR,B,2026-08-14
SO-27610141,OR,CUST-1094,MAT-CG-10015,59,1956926.84,2027-01-07,PL-BLR,A,2026-02-17
SO-60357475,CS,CUST-1033,MAT-CG-10046,11,122738.2,2027-02-06,PL-MUM,B,2026-07-30
SO-97720360,OR,CUST-1007,MAT-CG-10043,29,133585.71,2026-12-15,PL-PUN,B,2026-06-21
SO-73672398,CS,CUST-1020,MAT-CG-10036,66,3787721.37,2027-02-22,PL-MUM,A,2026-01-20
SO-98916958,RO,CUST-1035,MAT-CG-10043,27,123244.9,2027-02-26,PL-BLR,B,2026-07-01
SO-47944260,OR,CUST-1014,MAT-CG-10033,32,553346.0,2027-02-02,PL-HYD,A,2025-11-29
SO-64996550,OR,CUST-1021,MAT-CG-10013,93,1790501.13,2027-01-05,PL-HYD,C,2025-12-20
SO-10367488,OR,CUST-1086,MAT-CG-10022,62,12024619.84,2026-09-28,PL-JAI,C,2025-12-14
SO-78679929,OR,CUST-1093,MAT-CG-10010,25,1638910.35,2026-11-04,PL-HYD,B,2026-03-25
SO-16721650,OR,CUST-1023,MAT-CG-10017,120,7908451.6,2026-11-13,PL-KOL,C,2026-03-16
SO-22750478,OR,CUST-1002,MAT-CG-10028,31,206744.17,2027-02-16,PL-BLR,A,2026-02-21
SO-22475714,OR,CUST-1044,MAT-CG-10029,70,575589.83,2026-12-11,PL-AHM,B,2026-04-06
SO-66604960,CS,CUST-1022,MAT-CG-10025,124,6801553.24,2027-02-25,PL-MUM,A,2026-07-01
SO-86362294,CS,CUST-1057,MAT-CG-10027,125,16530931.65,2026-12-06,PL-KOL,B,2026-08-09
SO-74837853,OR,CUST-1015,MAT-CG-10044,35,213829.02,2026-12-21,PL-MUM,A,2026-04-12
SO-11658959,CS,CUST-1087,MAT-CG-10042,82,246190.59,2027-01-25,PL-JAI,A,2025-09-15
SO-80209719,CS,CUST-1090,MAT-CG-10022,134,28016939.21,2026-12-19,PL-HYD,B,2026-02-27
SO-29952062,RO,CUST-1079,MAT-CG-10043,100,421004.93,2027-02-11,PL-BLR,B,2025-12-26
SO-20048242,OR,CUST-1042,MAT-CG-10032,44,1110421.23,2026-11-10,PL-MUM,B,2026-05-01
SO-64126921,OR,CUST-1011,MAT-CG-10036,98,5830967.37,2027-01-24,PL-PUN,A,2025-12-11
SO-25932563,OR,CUST-1096,MAT-CG-10029,82,720405.6,2026-09-26,PL-AHM,B,2026-08-05
SO-10022778,OR,CUST-1078,MAT-CG-10036,142,9044489.04,2027-02-10,PL-CHE,B,2025-11-09
SO-55748676,OR,CUST-1007,MAT-CG-10014,118,3398000.88,2026-12-25,PL-KOL,B,2025-10-10
SO-98203489,OR,CUST-1092,MAT-CG-10039,123,4112855.78,2026-09-24,PL-HYD,A,2026-03-02
SO-83509785,RO,CUST-1048,MAT-CG-10023,76,22647579.79,2026-09-11,PL-BLR,B,2026-06-13
SO-24356130,OR,CUST-1079,MAT-CG-10046,106,1091577.67,2026-09-30,PL-AHM,A,2026-01-01
SO-55356673,OR,CUST-1097,MAT-CG-10051,50,1524403.89,2027-02-09,PL-JAI,A,2026-01-05
SO-28070539,OR,CUST-1001,MAT-CG-10030,131,1660528.42,2026-09-12,PL-NGP,B,2025-10-28
SO-33783708,CS,CUST-1075,MAT-CG-10031,132,2332832.8,2026-10-02,PL-DEL,B,2025-09-21
SO-77660514,OR,CUST-1054,MAT-CG-10039,84,3015941.34,2027-02-24,PL-HYD,A,2026-02-01
SO-70779921,OR,CUST-1018,MAT-CG-10022,77,15646748.08,2027-02-26,PL-NGP,A,2025-11-16
SO-94903891,OR,CUST-1026,MAT-CG-10021,143,20272752.33,2026-11-13,PL-KOL,C,2026-06-17
SO-77631432,RO,CUST-1089,MAT-CG-10046,47,514985.19,2026-09-29,PL-KOL,B,2025-12-21
SO-99544328,CS,CUST-1054,MAT-CG-10038,148,3118113.78,2027-01-14,PL-CHE,B,2026-08-17
SO-13391969,OR,CUST-1019,MAT-CG-10034,29,712041.54,2026-09-14,PL-HYD,A,2026-06-02
SO-29653285,OR,CUST-1089,MAT-CG-10019,66,6286679.08,2026-10-22,PL-NGP,A,2026-02-21
SO-92692727,CS,CUST-1095,MAT-CG-10029,28,242928.4,2026-10-27,PL-NGP,B,2026-04-24
SO-99186817,OR,CUST-1049,MAT-CG-10033,75,1277030.17,2027-02-22,PL-KOL,B,2026-07-27
SO-37257905,RO,CUST-1100,MAT-CG-10001,66,272170.99,2026-12-22,PL-HYD,C,2025-09-26
SO-90985229,OR,CUST-1100,MAT-CG-10024,141,5166391.96,2026-10-19,PL-CHE,B,2026-05-25
SO-35095571,OR,CUST-1095,MAT-CG-10044,21,121971.37,2026-12-05,PL-MUM,B,2026-04-03
SO-27457234,OR,CUST-1075,MAT-CG-10036,69,4327599.83,2026-09-01,PL-KOL,B,2026-06-05
SO-53302669,RO,CUST-1007,MAT-CG-10003,41,334266.35,2027-02-07,PL-JAI,C,2026-03-22
SO-83841249,OR,CUST-1010,MAT-CG-10032,148,4027653.42,2026-11-20,PL-NGP,A,2026-05-21
SO-77798790,OR,CUST-1054,MAT-CG-10034,19,500399.42,2026-12-12,PL-DEL,A,2026-05-02
SO-54434998,OR,CUST-1038,MAT-CG-10014,86,2279235.44,2027-02-05,PL-NGP,B,2025-11-09
SO-25397719,CS,CUST-1045,MAT-CG-10049,4,61243.82,2027-02-11,PL-JAI,B,2026-04-21
SO-61186964,OR,CUST-1050,MAT-CG-10003,84,637408.54,2026-11-11,PL-MUM,B,2026-02-13
SO-69801634,OR,CUST-1006,MAT-CG-10033,132,2218645.93,2027-02-13,PL-HYD,A,2025-12-03
SO-32467350,RO,CUST-1069,MAT-CG-10006,26,543474.66,2026-09-16,PL-HYD,C,2025-10-05
SO-66936428,OR,CUST-1027,MAT-CG-10050,56,1263236.42,2027-02-26,PL-AHM,C,2026-07-18
SO-13188066,OR,CUST-1092,MAT-CG-10048,41,449256.52,2026-09-22,PL-DEL,A,2026-05-24
SO-84904794,OR,CUST-1074,MAT-CG-10051,66,2127493.29,2026-11-05,PL-AHM,B,2026-01-05
SO-68119636,OR,CUST-1003,MAT-CG-10041,105,7540002.64,2026-09-30,PL-NGP,A,2025-09-29
SO-88598977,OR,CUST-1090,MAT-CG-10047,18,149981.72,2026-11-30,PL-NGP,A,2026-03-28
SO-91411889,OR,CUST-1037,MAT-CG-10051,79,2527449.09,2026-12-21,PL-AHM,B,2025-09-19
SO-30981381,RO,CUST-1029,MAT-CG-10002,123,633306.29,2026-12-09,PL-NGP,A,2025-10-03
SO-96965116,OR,CUST-1002,MAT-CG-10010,78,4996146.0,2027-01-20,PL-BLR,A,2026-08-02
SO-90081663,OR,CUST-1069,MAT-CG-10001,148,585036.44,2026-09-21,PL-CHE,A,2026-02-28
SO-96695458,RO,CUST-1019,MAT-CG-10014,107,2812201.82,2026-10-26,PL-JAI,A,2026-05-16
SO-86140729,OR,CUST-1097,MAT-CG-10008,48,2093431.47,2027-01-18,PL-PUN,C,2025-11-15
SO-19041276,OR,CUST-1013,MAT-CG-10005,76,1259303.99,2027-01-26,PL-PUN,A,2026-02-22
SO-23427820,OR,CUST-1080,MAT-CG-10009,62,3106651.6,2026-10-19,PL-KOL,B,2026-01-05
SO-88405961,OR,CUST-1073,MAT-CG-10022,80,16608980.01,2026-11-19,PL-AHM,A,2026-08-21
SO-39732676,CS,CUST-1095,MAT-CG-10021,65,9790483.54,2026-11-09,PL-KOL,A,2025-09-10
SO-74418331,OR,CUST-1058,MAT-CG-10047,86,670061.21,2026-11-17,PL-PUN,B,2026-06-29
SO-47663633,OR,CUST-1069,MAT-CG-10012,22,2068688.51,2027-02-07,PL-DEL,C,2026-07-16
SO-94775473,OR,CUST-1075,MAT-CG-10002,131,718206.35,2027-01-29,PL-HYD,A,2025-11-14
SO-82434236,OR,CUST-1084,MAT-CG-10017,141,9170917.48,2026-12-02,PL-AHM,A,2025-10-26
SO-27969238,OR,CUST-1065,MAT-CG-10047,76,604884.4,2026-12-10,PL-KOL,B,2026-08-18
SO-92414513,CS,CUST-1022,MAT-CG-10043,63,292855.29,2026-10-05,PL-PUN,A,2026-05-24
SO-98504955,OR,CUST-1095,MAT-CG-10037,146,13809517.6,2026-11-30,PL-MUM,A,2025-12-17
SO-45481411,OR,CUST-1030,MAT-CG-10015,18,598886.53,2026-10-22,PL-NGP,A,2026-02-06
SO-16232730,OR,CUST-1084,MAT-CG-10031,118,2131098.77,2027-01-11,PL-CHE,C,2026-04-11
SO-86525600,OR,CUST-1049,MAT-CG-10038,141,2962341.11,2026-12-02,PL-JAI,C,2026-07-15
SO-60509993,OR,CUST-1067,MAT-CG-10034,66,1705259.53,2026-11-27,PL-PUN,B,2025-10-18
SO-28652010,OR,CUST-1022,MAT-CG-10001,130,491344.74,2027-01-09,PL-CHE,A,2026-06-08
SO-58616740,RO,CUST-1092,MAT-CG-10012,42,4305060.34,2027-02-16,PL-HYD,B,2026-03-07
SO-74628070,CS,CUST-1062,MAT-CG-10047,31,245653.87,2027-01-29,PL-BLR,C,2026-01-25
SO-15790734,OR,CUST-1074,MAT-CG-10002,64,351528.33,2026-10-04,PL-NGP,A,2025-11-03
SO-32325960,OR,CUST-1024,MAT-CG-10010,16,1019633.66,2026-12-12,PL-JAI,B,2025-10-01
SO-21508969,OR,CUST-1058,MAT-CG-10002,74,407245.72,2026-12-29,PL-PUN,A,2026-05-03
SO-88201440,OR,CUST-1080,MAT-CG-10027,38,5375162.39,2026-11-06,PL-BLR,C,2025-09-06
SO-90065352,RO,CUST-1009,MAT-CG-10022,118,23360775.57,2026-12-07,PL-BLR,A,2026-08-15
SO-77693989,CS,CUST-1054,MAT-CG-10013,135,2903017.13,2027-02-02,PL-DEL,A,2025-12-23
SO-81327320,RO,CUST-1097,MAT-CG-10040,11,506378.52,2027-01-01,PL-BLR,B,2025-11-20
SO-80067590,OR,CUST-1048,MAT-CG-10001,112,462745.26,2027-02-25,PL-NGP,B,2026-04-28
SO-57045704,RO,CUST-1095,MAT-CG-10031,99,1936720.05,2027-02-25,PL-JAI,A,2026-01-18
SO-74040812,OR,CUST-1011,MAT-CG-10009,67,3463163.4,2027-01-17,PL-AHM,A,2026-05-19
SO-87576121,RO,CUST-1016,MAT-CG-10001,3,11813.37,2026-12-05,PL-HYD,C,2026-03-15
SO-24305357,OR,CUST-1055,MAT-CG-10027,94,13281854.17,2026-11-03,PL-CHE,B,2026-01-19
SO-92125234,OR,CUST-1088,MAT-CG-10037,95,8580738.76,2026-10-22,PL-AHM,B,2025-11-11
SO-59689143,RO,CUST-1072,MAT-CG-10031,47,868146.34,2026-11-17,PL-JAI,A,2026-02-01
SO-98487446,OR,CUST-1096,MAT-CG-10048,37,399542.4,2027-02-26,PL-BLR,A,2026-05-06
SO-55424358,RO,CUST-1079,MAT-CG-10033,104,1848228.0,2026-09-13,PL-BLR,B,2025-10-02
SO-29505652,OR,CUST-1077,MAT-CG-10001,25,97292.9,2026-09-16,PL-CHE,A,2026-02-15
SO-61583363,OR,CUST-1079,MAT-CG-10006,11,252199.93,2026-11-12,PL-JAI,A,2026-05-26
SO-68917831,OR,CUST-1026,MAT-CG-10041,128,9790048.75,2027-01-10,PL-CHE,A,2026-08-06
SO-79231333,CS,CUST-1030,MAT-CG-10051,132,4138089.79,2027-02-19,PL-MUM,A,2026-04-23
SO-31131878,OR,CUST-1036,MAT-CG-10042,2,6216.69,2026-11-29,PL-AHM,B,2025-10-27
SO-12062459,CS,CUST-1091,MAT-CG-10013,134,2591056.84,2026-09-23,PL-NGP,A,2025-11-10
SO-56637316,OR,CUST-1029,MAT-CG-10038,91,1899552.14,2026-10-19,PL-PUN,B,2025-11-02
SO-33492771,OR,CUST-1065,MAT-CG-10001,68,252424.83,2026-09-18,PL-NGP,A,2026-03-02
SO-44587020,RO,CUST-1074,MAT-CG-10008,133,5281537.64,2026-12-22,PL-AHM,B,2025-12-19
SO-55588495,OR,CUST-1088,MAT-CG-10050,64,1428316.66,2027-01-28,PL-MUM,B,2026-06-25
SO-61361533,CS,CUST-1029,MAT-CG-10017,19,1219532.33,2026-10-28,PL-KOL,B,2026-02-24
SO-11305024,CS,CUST-1034,MAT-CG-10034,139,3511648.42,2026-09-23,PL-AHM,C,2026-03-01
SO-33955951,OR,CUST-1041,MAT-CG-10005,143,2423172.0,2027-01-24,PL-CHE,A,2025-09-08
SO-36798789,OR,CUST-1095,MAT-CG-10013,129,2558364.33,2026-11-06,PL-HYD,A,2026-05-12
SO-30937370,OR,CUST-1016,MAT-CG-10016,93,4785823.87,2027-02-20,PL-PUN,B,2026-08-20
SO-15672460,OR,CUST-1048,MAT-CG-10049,140,2196086.44,2027-01-04,PL-JAI,A,2025-12-15
SO-47616749,OR,CUST-1029,MAT-CG-10012,132,13409855.2,2026-10-02,PL-MUM,B,2026-01-19
SO-14370484,RO,CUST-1045,MAT-CG-10031,140,2553519.83,2027-02-22,PL-BLR,B,2026-06-23
SO-71749629,OR,CUST-1089,MAT-CG-10045,134,980503.88,2027-02-19,PL-HYD,B,2025-10-30
SO-58533442,RO,CUST-1034,MAT-CG-10007,85,2394568.09,2026-11-06,PL-HYD,A,2025-12-25
SO-59113508,OR,CUST-1064,MAT-CG-10040,89,4281420.99,2026-12-16,PL-KOL,A,2026-01-30
SO-34144323,RO,CUST-1017,MAT-CG-10018,117,9801517.66,2027-02-22,PL-HYD,A,2026-04-07
SO-68011418,OR,CUST-1026,MAT-CG-10016,144,6656530.13,2026-10-08,PL-PUN,A,2026-05-25
SO-28048483,CS,CUST-1067,MAT-CG-10027,129,17935363.42,2026-11-19,PL-PUN,A,2026-04-17
SO-16403434,OR,CUST-1013,MAT-CG-10036,147,9029521.93,2026-09-15,PL-HYD,A,2025-12-23
SO-70378491,CS,CUST-1043,MAT-CG-10041,26,1832845.53,2026-12-01,PL-NGP,B,2026-04-14
SO-65265613,OR,CUST-1045,MAT-CG-10023,7,2132584.68,2027-02-02,PL-HYD,B,2025-11-02
SO-33426205,OR,CUST-1046,MAT-CG-10042,139,405774.02,2027-01-08,PL-PUN,C,2026-01-07
SO-92364557,OR,CUST-1060,MAT-CG-10006,99,2262243.26,2026-10-07,PL-BLR,C,2026-03-04
SO-64327674,OR,CUST-1011,MAT-CG-10027,148,19517776.78,2026-10-28,PL-KOL,A,2025-09-23
SO-91253395,CS,CUST-1051,MAT-CG-10019,70,6210099.06,2026-12-22,PL-KOL,C,2025-10-27
SO-65564671,OR,CUST-1024,MAT-CG-10034,117,3213911.74,2026-10-02,PL-HYD,C,2026-04-17
SO-38262427,OR,CUST-1051,MAT-CG-10048,22,233215.28,2026-09-16,PL-PUN,B,2026-07-27
SO-80327779,OR,CUST-1014,MAT-CG-10002,103,540120.57,2026-10-09,PL-DEL,C,2026-02-05
SO-43204998,CS,CUST-1037,MAT-CG-10020,60,7124051.37,2026-10-02,PL-BLR,B,2026-05-28
SO-99060057,OR,CUST-1042,MAT-CG-10002,10,56976.38,2026-12-28,PL-NGP,A,2025-11-16
SO-82381952,OR,CUST-1076,MAT-CG-10029,36,313873.59,2027-02-08,PL-JAI,B,2025-11-28
SO-51562039,OR,CUST-1062,MAT-CG-10041,138,10119848.4,2026-09-22,PL-PUN,A,2026-02-17
SO-30900054,OR,CUST-1002,MAT-CG-10027,68,8755800.82,2026-10-04,PL-KOL,A,2025-12-26
SO-76025948,OR,CUST-1039,MAT-CG-10035,4,160298.45,2026-12-19,PL-CHE,B,2026-04-27
SO-83579795,OR,CUST-1025,MAT-CG-10051,3,91429.04,2027-01-21,PL-AHM,B,2026-04-18
SO-60782359,OR,CUST-1034,MAT-CG-10011,101,7290621.95,2027-02-07,PL-HYD,B,2025-10-14
SO-48208680,CS,CUST-1096,MAT-CG-10045,71,560110.7,2026-11-07,PL-AHM,A,2026-07-19
SO-48868823,OR,CUST-1082,MAT-CG-10012,36,3512355.56,2026-12-24,PL-CHE,C,2025-10-09
SO-53036072,OR,CUST-1020,MAT-CG-10032,50,1227033.04,2027-01-14,PL-MUM,A,2026-07-02
SO-26782477,CS,CUST-1057,MAT-CG-10019,70,6616634.09,2026-10-29,PL-DEL,A,2026-08-16
SO-55890766,OR,CUST-1040,MAT-CG-10032,57,1551542.29,2027-01-05,PL-KOL,B,2025-09-01
SO-54325223,OR,CUST-1097,MAT-CG-10051,10,327925.53,2026-09-14,PL-CHE,B,2026-07-18
SO-34374441,OR,CUST-1033,MAT-CG-10035,122,5478673.44,2026-09-03,PL-DEL,C,2026-04-18
SO-43173547,CS,CUST-1005,MAT-CG-10025,115,6387719.83,2026-09-24,PL-NGP,C,2026-05-09
SO-51890609,OR,CUST-1021,MAT-CG-10031,101,1903392.35,2026-09-10,PL-NGP,B,2026-06-22
SO-95700705,OR,CUST-1026,MAT-CG-10017,125,7678664.52,2026-09-13,PL-HYD,A,2026-04-25
SO-53555463,OR,CUST-1022,MAT-CG-10041,113,8578408.41,2027-01-27,PL-DEL,B,2026-04-21
SO-87990837,CS,CUST-1061,MAT-CG-10001,12,48358.44,2026-10-09,PL-KOL,A,2026-04-18
SO-22267708,CS,CUST-1080,MAT-CG-10011,129,9668237.76,2027-02-07,PL-MUM,A,2026-02-22
SO-81988124,OR,CUST-1017,MAT-CG-10042,41,122464.65,2026-11-20,PL-NGP,C,2026-02-27
SO-12865928,CS,CUST-1049,MAT-CG-10029,51,430050.78,2026-10-04,PL-CHE,A,2025-12-18
SO-85031037,OR,CUST-1070,MAT-CG-10046,114,1259366.15,2026-10-18,PL-JAI,A,2025-11-18
SO-72866875,OR,CUST-1077,MAT-CG-10023,84,25750477.39,2027-01-19,PL-BLR,A,2025-11-25
SO-49684512,OR,CUST-1070,MAT-CG-10010,117,7301417.33,2026-08-31,PL-NGP,B,2026-05-21
SO-93241474,OR,CUST-1042,MAT-CG-10002,95,531015.49,2027-02-15,PL-NGP,B,2026-05-18
SO-84016756,OR,CUST-1079,MAT-CG-10034,129,3275386.09,2026-12-13,PL-KOL,A,2026-07-05
SO-15875684,OR,CUST-1023,MAT-CG-10034,19,523250.76,2026-10-21,PL-DEL,B,2026-05-17
SO-86639957,CS,CUST-1050,MAT-CG-10007,10,300991.88,2027-01-12,PL-JAI,C,2025-10-25
SO-59171204,OR,CUST-1078,MAT-CG-10017,14,903594.04,2026-09-03,PL-HYD,C,2025-12-15
SO-95753950,OR,CUST-1047,MAT-CG-10006,121,2737143.67,2026-12-15,PL-KOL,C,2026-07-25
SO-81003974,OR,CUST-1094,MAT-CG-10040,70,3200107.66,2026-11-16,PL-DEL,A,2025-12-01
SO-41006711,RO,CUST-1050,MAT-CG-10007,27,760882.69,2027-01-12,PL-HYD,B,2025-10-07
SO-84912498,OR,CUST-1096,MAT-CG-10012,144,13361798.68,2027-02-10,PL-JAI,A,2025-09-12
SO-23972387,OR,CUST-1024,MAT-CG-10030,111,1410831.02,2027-01-07,PL-KOL,C,2026-06-04
SO-57288136,OR,CUST-1071,MAT-CG-10035,115,5284129.1,2026-11-22,PL-KOL,B,2025-10-03
SO-91659860,OR,CUST-1073,MAT-CG-10028,84,537460.02,2026-12-05,PL-NGP,C,2026-04-15
SO-70062404,OR,CUST-1001,MAT-CG-10024,117,4287814.55,2026-11-11,PL-JAI,A,2025-12-01
SO-10881653,OR,CUST-1029,MAT-CG-10009,79,4043365.13,2026-11-19,PL-MUM,C,2026-04-04
SO-84668420,RO,CUST-1074,MAT-CG-10036,132,7519673.97,2026-09-09,PL-PUN,A,2026-06-05
SO-59269031,RO,CUST-1032,MAT-CG-10009,69,3540837.58,2026-11-15,PL-DEL,B,2026-01-31
SO-20361818,CS,CUST-1042,MAT-CG-10037,57,5435611.17,2026-10-14,PL-PUN,C,2025-11-01
SO-15015930,CS,CUST-1074,MAT-CG-10007,78,2259459.64,2026-09-14,PL-KOL,A,2026-01-13
SO-40429530,CS,CUST-1084,MAT-CG-10027,32,4643326.72,2026-09-02,PL-AHM,A,2026-03-20
SO-52857940,RO,CUST-1073,MAT-CG-10034,12,298853.66,2027-01-06,PL-HYD,A,2026-07-29
SO-69809598,RO,CUST-1074,MAT-CG-10044,102,591682.81,2026-10-26,PL-AHM,A,2026-02-03
SO-55119729,OR,CUST-1061,MAT-CG-10010,35,2247403.72,2026-09-12,PL-NGP,B,2026-04-11
SO-77353558,OR,CUST-1100,MAT-CG-10006,104,2397965.03,2026-10-04,PL-PUN,B,2026-05-14
SO-97543303,RO,CUST-1026,MAT-CG-10032,103,2719472.96,2027-01-12,PL-HYD,A,2026-07-18
SO-53407575,CS,CUST-1074,MAT-CG-10018,112,8294537.84,2027-02-18,PL-AHM,B,2026-02-17
SO-53048774,OR,CUST-1077,MAT-CG-10023,50,14805650.86,2026-11-17,PL-BLR,A,2025-10-12
SO-69118000,OR,CUST-1030,MAT-CG-10029,39,321470.12,2026-12-04,PL-BLR,C,2026-07-11
SO-42621391,RO,CUST-1019,MAT-CG-10008,15,648738.95,2026-11-12,PL-MUM,A,2025-09-02
SO-70406241,OR,CUST-1003,MAT-CG-10008,80,3214266.79,2027-01-15,PL-HYD,A,2025-11-17
SO-83658696,OR,CUST-1080,MAT-CG-10034,68,1837150.69,2026-10-06,PL-MUM,B,2025-10-29
SO-15836056,OR,CUST-1022,MAT-CG-10043,136,573037.18,2026-10-21,PL-JAI,A,2026-07-27
SO-18938604,OR,CUST-1085,MAT-CG-10030,4,48884.6,2027-02-15,PL-KOL,A,2026-08-14
SO-41026926,OR,CUST-1066,MAT-CG-10019,100,9770203.61,2026-09-25,PL-KOL,B,2025-10-22
SO-35020518,OR,CUST-1065,MAT-CG-10035,24,1099233.9,2027-01-21,PL-MUM,A,2026-04-19
SO-54770958,OR,CUST-1051,MAT-CG-10034,80,2165566.58,2026-09-04,PL-KOL,C,2026-02-24
SO-41702866,RO,CUST-1036,MAT-CG-10023,79,23891123.3,2027-02-07,PL-CHE,B,2026-08-08
SO-40277197,OR,CUST-1044,MAT-CG-10036,73,4609548.4,2027-02-15,PL-BLR,A,2026-02-09
SO-66013532,OR,CUST-1074,MAT-CG-10034,60,1494960.42,2026-11-18,PL-JAI,A,2026-01-06
SO-37750491,CS,CUST-1018,MAT-CG-10035,35,1522309.73,2027-02-22,PL-HYD,A,2026-03-18
SO-28153282,OR,CUST-1099,MAT-CG-10045,136,1015444.87,2027-01-22,PL-BLR,A,2026-07-20
SO-25889673,OR,CUST-1041,MAT-CG-10036,138,8647746.16,2026-10-07,PL-MUM,A,2026-01-24
SO-69459055,CS,CUST-1082,MAT-CG-10027,79,11590542.72,2026-11-09,PL-BLR,A,2026-06-30
SO-13516265,RO,CUST-1079,MAT-CG-10009,49,2526805.15,2027-01-23,PL-JAI,A,2025-10-22
SO-13501001,OR,CUST-1011,MAT-CG-10015,61,2224024.49,2026-12-31,PL-BLR,B,2025-10-18
SO-34692904,OR,CUST-1063,MAT-CG-10031,97,1789231.15,2026-10-11,PL-HYD,A,2026-08-07
SO-46219821,OR,CUST-1029,MAT-CG-10027,5,715215.67,2026-10-21,PL-HYD,A,2026-05-25
SO-53606752,OR,CUST-1032,MAT-CG-10029,127,1081450.29,2026-09-10,PL-JAI,C,2026-02-10
SO-62902012,RO,CUST-1096,MAT-CG-10047,82,658212.98,2027-01-15,PL-NGP,C,2026-08-04
SO-70614013,OR,CUST-1006,MAT-CG-10034,29,799098.45,2026-11-01,PL-NGP,B,2026-02-02
SO-84853354,OR,CUST-1067,MAT-CG-10048,12,139603.79,2026-09-12,PL-HYD,A,2026-01-10
SO-48374806,OR,CUST-1022,MAT-CG-10026,79,7672212.09,2027-02-03,PL-MUM,C,2025-12-02
SO-96718276,OR,CUST-1012,MAT-CG-10010,120,7865783.72,2026-09-28,PL-BLR,B,2025-09-01
SO-62756521,OR,CUST-1042,MAT-CG-10035,36,1537786.71,2026-10-15,PL-PUN,B,2026-05-12
SO-43565477,OR,CUST-1089,MAT-CG-10030,25,322081.29,2026-10-11,PL-DEL,A,2026-06-26
SO-95103759,OR,CUST-1011,MAT-CG-10046,117,1262208.5,2026-12-07,PL-NGP,B,2026-06-03
SO-61084208,OR,CUST-1099,MAT-CG-10025,142,7855061.28,2026-11-24,PL-JAI,C,2026-06-08
SO-34007090,CS,CUST-1007,MAT-CG-10011,39,2956696.89,2026-11-18,PL-PUN,A,2025-10-07
SO-27659164,OR,CUST-1001,MAT-CG-10012,32,3195134.35,2026-11-03,PL-MUM,B,2025-12-12
SO-10771825,RO,CUST-1064,MAT-CG-10032,141,3556848.69,2027-01-28,PL-PUN,B,2026-01-26
SO-90693921,RO,CUST-1001,MAT-CG-10029,22,182526.89,2027-01-18,PL-CHE,B,2025-10-06
SO-16565770,OR,CUST-1019,MAT-CG-10036,55,3087597.26,2026-11-28,PL-MUM,A,2026-08-07
SO-90971604,OR,CUST-1043,MAT-CG-10043,149,707797.69,2026-09-12,PL-DEL,B,2026-05-24
SO-92019078,CS,CUST-1089,MAT-CG-10011,74,5831227.16,2027-01-24,PL-NGP,A,2026-01-02
SO-58343701,OR,CUST-1012,MAT-CG-10048,150,1745831.8,2026-11-21,PL-KOL,B,2026-07-20
SO-83882978,OR,CUST-1038,MAT-CG-10049,111,1705504.14,2026-10-01,PL-CHE,A,2025-11-27
SO-38164968,CS,CUST-1027,MAT-CG-10027,136,19112884.31,2026-09-27,PL-JAI,C,2025-10-05
SO-74916146,CS,CUST-1089,MAT-CG-10034,24,637473.41,2026-11-12,PL-AHM,B,2026-03-14
SO-87194344,RO,CUST-1046,MAT-CG-10017,136,9025651.93,2027-02-04,PL-JAI,B,2025-11-30
SO-76102828,OR,CUST-1079,MAT-CG-10047,129,987128.31,2026-11-13,PL-HYD,A,2026-06-24
SO-93947919,OR,CUST-1095,MAT-CG-10002,121,687938.8,2027-02-04,PL-AHM,B,2026-07-31
SO-85217695,CS,CUST-1028,MAT-CG-10022,91,17446802.27,2026-10-21,PL-CHE,A,2026-07-20
SO-78006730,RO,CUST-1042,MAT-CG-10020,78,9681626.95,2026-09-29,PL-KOL,A,2026-02-02
SO-92677226,OR,CUST-1023,MAT-CG-10047,147,1118579.92,2026-11-25,PL-PUN,B,2026-08-05
SO-74625235,OR,CUST-1081,MAT-CG-10042,36,107122.21,2027-01-15,PL-KOL,B,2026-01-24
SO-79937264,OR,CUST-1073,MAT-CG-10048,16,185135.11,2026-11-19,PL-NGP,B,2026-08-14
SO-54522609,OR,CUST-1009,MAT-CG-10014,149,4378136.58,2026-11-10,PL-MUM,A,2026-02-12
SO-32276047,RO,CUST-1078,MAT-CG-10041,138,9909807.88,2027-01-30,PL-DEL,A,2026-03-15
SO-46439766,OR,CUST-1012,MAT-CG-10046,10,107480.96,2026-10-30,PL-KOL,B,2026-03-22
SO-50576475,OR,CUST-1015,MAT-CG-10014,136,3685615.94,2026-09-09,PL-HYD,A,2026-01-08
SO-74781956,RO,CUST-1020,MAT-CG-10033,8,132419.67,2027-01-01,PL-NGP,A,2026-03-09
SO-79276026,CS,CUST-1017,MAT-CG-10010,27,1646294.06,2026-09-09,PL-PUN,B,2025-11-29
SO-51739205,OR,CUST-1088,MAT-CG-10008,3,129393.81,2026-09-22,PL-KOL,B,2026-07-31
SO-98447373,CS,CUST-1040,MAT-CG-10007,135,3712102.65,2026-11-18,PL-HYD,A,2026-05-13
SO-47131272,RO,CUST-1041,MAT-CG-10013,75,1601262.83,2027-02-18,PL-DEL,A,2026-06-08
SO-25362614,OR,CUST-1080,MAT-CG-10011,72,5566003.97,2026-09-26,PL-HYD,B,2026-02-25
SO-46379997,OR,CUST-1091,MAT-CG-10036,83,5176652.2,2027-01-24,PL-HYD,A,2026-07-18
SO-82555030,OR,CUST-1007,MAT-CG-10020,88,9990149.96,2026-12-29,PL-MUM,A,2026-02-08
SO-67239263,OR,CUST-1023,MAT-CG-10004,24,258480.25,2027-01-29,PL-PUN,B,2026-02-22
SO-36594858,CS,CUST-1098,MAT-CG-10020,87,10659525.47,2027-01-14,PL-DEL,B,2025-11-06
SO-72850928,OR,CUST-1059,MAT-CG-10009,25,1297250.06,2027-02-11,PL-PUN,B,2026-04-27
SO-92804565,OR,CUST-1047,MAT-CG-10015,38,1329880.68,2027-02-26,PL-KOL,A,2026-01-03
SO-18773168,OR,CUST-1015,MAT-CG-10032,9,230753.2,2026-12-27,PL-BLR,A,2026-02-26
SO-27098533,RO,CUST-1014,MAT-CG-10039,149,4949572.95,2026-09-27,PL-KOL,B,2025-09-25
SO-81503899,OR,CUST-1052,MAT-CG-10005,79,1383703.88,2026-10-31,PL-JAI,A,2025-11-16
SO-61514973,OR,CUST-1044,MAT-CG-10011,125,9194977.33,2027-02-24,PL-JAI,B,2026-01-13
SO-83085160,CS,CUST-1031,MAT-CG-10037,89,7784394.68,2027-02-18,PL-DEL,C,2025-11-03
SO-89478790,RO,CUST-1060,MAT-CG-10032,31,791875.66,2026-09-24,PL-PUN,A,2026-03-19
SO-90296988,OR,CUST-1088,MAT-CG-10026,19,1946778.2,2026-12-06,PL-KOL,B,2025-09-27
SO-22151134,OR,CUST-1018,MAT-CG-10043,17,80404.07,2027-02-09,PL-MUM,A,2025-09-19
SO-81303949,OR,CUST-1050,MAT-CG-10010,117,7558393.98,2026-12-23,PL-HYD,A,2025-09-09
SO-86541203,CS,CUST-1039,MAT-CG-10021,78,12193429.82,2026-12-20,PL-KOL,A,2025-10-29
SO-64250458,OR,CUST-1038,MAT-CG-10001,132,486826.05,2027-01-18,PL-MUM,A,2025-11-10
SO-47877483,OR,CUST-1031,MAT-CG-10023,30,8612944.04,2027-01-29,PL-AHM,C,2026-03-14
SO-64496780,OR,CUST-1056,MAT-CG-10046,99,1071175.31,2027-02-16,PL-BLR,B,2026-06-13
SO-61619474,OR,CUST-1054,MAT-CG-10013,144,2819693.44,2027-02-18,PL-BLR,A,2026-08-18
SO-29326800,CS,CUST-1063,MAT-CG-10005,6,106063.88,2026-10-04,PL-DEL,A,2025-09-29
SO-91125155,OR,CUST-1080,MAT-CG-10027,118,15601877.58,2027-01-08,PL-AHM,B,2026-01-05
SO-40298433,OR,CUST-1055,MAT-CG-10025,92,5410783.16,2027-01-25,PL-PUN,C,2026-04-24
SO-46138183,OR,CUST-1070,MAT-CG-10046,130,1412664.08,2026-09-08,PL-MUM,B,2025-12-19
SO-25188664,RO,CUST-1062,MAT-CG-10046,96,1098508.6,2026-09-20,PL-BLR,C,2025-11-27
SO-72402697,RO,CUST-1011,MAT-CG-10049,73,1129864.82,2027-02-03,PL-DEL,A,2025-12-25
SO-95052118,RO,CUST-1075,MAT-CG-10041,21,1491603.69,2026-09-13,PL-KOL,B,2026-08-18
SO-78808477,OR,CUST-1074,MAT-CG-10031,118,2255550.96,2026-12-16,PL-KOL,A,2026-03-28
SO-90213415,CS,CUST-1039,MAT-CG-10011,11,869984.7,2027-01-22,PL-CHE,A,2025-10-05
SO-32693431,RO,CUST-1007,MAT-CG-10031,150,2837305.11,2026-11-13,PL-JAI,A,2026-03-30
SO-27021671,RO,CUST-1010,MAT-CG-10032,23,631563.0,2026-11-10,PL-CHE,A,2025-10-12
SO-44488013,OR,CUST-1095,MAT-CG-10018,72,5349464.6,2026-10-14,PL-JAI,C,2026-06-07
SO-59629263,OR,CUST-1034,MAT-CG-10043,116,541058.49,2026-10-30,PL-PUN,A,2025-11-26
SO-21328172,OR,CUST-1077,MAT-CG-10003,89,741179.94,2026-10-09,PL-PUN,B,2026-02-08
SO-95573823,OR,CUST-1027,MAT-CG-10016,114,5602602.96,2026-11-27,PL-MUM,C,2026-04-10
SO-17049544,OR,CUST-1060,MAT-CG-10049,31,471519.54,2026-11-16,PL-PUN,C,2025-11-24
SO-62354374,OR,CUST-1034,MAT-CG-10015,99,3343926.98,2026-12-20,PL-MUM,A,2026-01-06
SO-81169409,CS,CUST-1006,MAT-CG-10025,82,4487430.03,2027-01-14,PL-KOL,B,2025-10-15
SO-54958564,OR,CUST-1035,MAT-CG-10042,71,221361.22,2026-11-04,PL-JAI,B,2025-12-30
SO-89017236,OR,CUST-1067,MAT-CG-10050,63,1381760.64,2027-02-23,PL-BLR,A,2025-11-16
SO-19120357,OR,CUST-1053,MAT-CG-10001,4,14829.37,2026-09-26,PL-PUN,A,2026-05-03
SO-43808923,OR,CUST-1005,MAT-CG-10047,74,549167.99,2026-09-23,PL-MUM,B,2025-09-21
SO-26103055,OR,CUST-1078,MAT-CG-10014,33,863385.41,2027-02-15,PL-JAI,A,2026-06-28
SO-44002147,OR,CUST-1060,MAT-CG-10045,49,393432.85,2026-09-19,PL-PUN,A,2026-01-17
SO-44539133,OR,CUST-1100,MAT-CG-10045,84,620659.6,2026-09-15,PL-AHM,B,2026-03-06
SO-45522715,OR,CUST-1057,MAT-CG-10004,68,669463.0,2026-10-21,PL-JAI,B,2026-05-24
SO-24553291,OR,CUST-1070,MAT-CG-10042,127,394180.35,2026-10-25,PL-JAI,C,2026-06-30
SO-23862962,OR,CUST-1010,MAT-CG-10029,68,549998.49,2026-11-03,PL-PUN,A,2025-12-12
SO-15078212,CS,CUST-1050,MAT-CG-10010,2,123030.6,2027-02-26,PL-KOL,B,2025-11-02
SO-75857881,OR,CUST-1056,MAT-CG-10001,133,515313.34,2026-09-17,PL-NGP,A,2026-08-22
SO-26267678,RO,CUST-1069,MAT-CG-10025,125,7684555.0,2026-11-30,PL-KOL,C,2026-03-21
SO-94862181,CS,CUST-1012,MAT-CG-10026,16,1541393.61,2026-11-26,PL-DEL,B,2026-03-28
SO-33705307,RO,CUST-1006,MAT-CG-10042,53,168883.73,2027-02-16,PL-HYD,A,2025-09-01
SO-94639988,CS,CUST-1046,MAT-CG-10025,29,1677975.34,2027-02-08,PL-PUN,C,2026-05-18
SO-35916466,OR,CUST-1093,MAT-CG-10009,11,626705.22,2026-10-31,PL-PUN,B,2026-07-22
SO-96356711,OR,CUST-1064,MAT-CG-10051,140,4340084.39,2026-12-24,PL-MUM,A,2026-03-03
SO-15746469,OR,CUST-1016,MAT-CG-10004,88,884593.9,2027-02-14,PL-NGP,B,2025-09-10
SO-87758465,OR,CUST-1010,MAT-CG-10035,40,1609621.14,2026-10-06,PL-PUN,C,2026-08-14
SO-42572300,CS,CUST-1084,MAT-CG-10031,13,228306.05,2026-10-14,PL-MUM,A,2026-07-05
SO-89328380,OR,CUST-1014,MAT-CG-10030,45,537542.34,2027-01-30,PL-JAI,A,2026-07-22
SO-55277425,CS,CUST-1087,MAT-CG-10013,111,2252161.65,2026-09-30,PL-JAI,B,2026-06-14
SO-16118522,RO,CUST-1023,MAT-CG-10021,56,8083669.81,2026-09-30,PL-CHE,A,2026-01-23
SO-84277128,OR,CUST-1057,MAT-CG-10011,96,7097976.15,2027-01-26,PL-MUM,A,2026-07-03
SO-31173338,OR,CUST-1063,MAT-CG-10051,98,2847517.4,2026-09-01,PL-BLR,A,2025-09-24
SO-65864403,CS,CUST-1099,MAT-CG-10038,74,1517103.28,2026-10-02,PL-HYD,A,2025-09-30
SO-70454232,OR,CUST-1031,MAT-CG-10018,135,11248731.7,2027-02-03,PL-MUM,B,2026-05-23
SO-92147935,OR,CUST-1081,MAT-CG-10046,129,1450036.49,2026-11-16,PL-KOL,B,2026-08-21
SO-35756766,OR,CUST-1068,MAT-CG-10036,62,3956028.12,2027-02-05,PL-KOL,B,2025-12-07
SO-94082607,CS,CUST-1027,MAT-CG-10015,120,4131065.68,2026-10-19,PL-DEL,A,2025-09-07
SO-33665782,OR,CUST-1086,MAT-CG-10031,129,2528523.89,2026-09-13,PL-KOL,A,2026-05-08
SO-54868265,RO,CUST-1098,MAT-CG-10028,66,416894.45,2026-09-26,PL-MUM,B,2026-05-25
SO-75103838,RO,CUST-1015,MAT-CG-10011,9,648858.26,2026-10-30,PL-PUN,B,2025-10-31
SO-36675960,CS,CUST-1087,MAT-CG-10021,109,16994470.83,2026-10-28,PL-DEL,A,2026-04-29
SO-65377624,OR,CUST-1049,MAT-CG-10007,62,1925418.7,2026-09-18,PL-PUN,B,2025-12-18
SO-29453688,OR,CUST-1079,MAT-CG-10004,113,1175930.74,2026-12-08,PL-KOL,A,2026-01-01
SO-94828438,OR,CUST-1035,MAT-CG-10047,51,388540.59,2026-10-02,PL-MUM,C,2025-11-05
SO-28320921,OR,CUST-1060,MAT-CG-10004,73,760053.44,2026-10-13,PL-KOL,A,2026-03-25
SO-95630804,RO,CUST-1022,MAT-CG-10039,42,1429075.55,2027-01-19,PL-HYD,A,2026-01-25
SO-39050434,RO,CUST-1061,MAT-CG-10034,127,3480643.29,2026-11-10,PL-MUM,C,2026-01-16
SO-43263373,OR,CUST-1056,MAT-CG-10048,65,737357.96,2027-01-29,PL-BLR,B,2026-08-21
SO-15376584,OR,CUST-1094,MAT-CG-10027,13,1866123.83,2026-09-08,PL-AHM,B,2026-02-03
SO-70725652,OR,CUST-1031,MAT-CG-10031,27,470876.69,2026-09-03,PL-AHM,A,2026-06-17
SO-42086411,CS,CUST-1012,MAT-CG-10023,77,20816332.89,2027-02-18,PL-CHE,A,2025-12-31
SO-71047698,OR,CUST-1099,MAT-CG-10037,8,696208.55,2026-12-12,PL-BLR,A,2025-10-07
SO-94195455,OR,CUST-1050,MAT-CG-10030,2,26625.95,2026-11-24,PL-NGP,A,2026-03-25
SO-92208524,RO,CUST-1074,MAT-CG-10028,71,469900.66,2027-02-22,PL-DEL,B,2026-03-05
SO-79086760,CS,CUST-1047,MAT-CG-10048,16,189203.93,2026-09-28,PL-AHM,A,2025-12-28
SO-59066128,OR,CUST-1023,MAT-CG-10040,12,595459.77,2026-09-17,PL-NGP,C,2026-05-11
SO-42028739,RO,CUST-1015,MAT-CG-10009,87,4732745.59,2027-01-26,PL-HYD,C,2026-04-30
SO-45884163,RO,CUST-1088,MAT-CG-10021,92,13445520.71,2026-09-13,PL-DEL,A,2026-02-28
SO-77303492,RO,CUST-1016,MAT-CG-10029,126,1079355.81,2027-01-14,PL-NGP,A,2026-01-04
SO-18808386,OR,CUST-1059,MAT-CG-10040,96,4399699.89,2026-12-09,PL-BLR,A,2026-07-15
SO-47036407,OR,CUST-1090,MAT-CG-10007,44,1232478.36,2026-10-08,PL-HYD,B,2025-10-06
SO-65906603,CS,CUST-1070,MAT-CG-10002,77,442635.89,2026-12-30,PL-KOL,B,2026-01-08
SO-49126722,OR,CUST-1009,MAT-CG-10048,7,73320.64,2026-10-29,PL-NGP,C,2026-03-05
SO-56008827,CS,CUST-1083,MAT-CG-10027,150,21584775.11,2027-01-02,PL-JAI,C,2025-09-01
SO-69761289,OR,CUST-1039,MAT-CG-10034,142,3752321.04,2026-11-17,PL-BLR,A,2026-04-29
SO-48674340,OR,CUST-1019,MAT-CG-10031,97,1759088.52,2026-12-25,PL-BLR,B,2026-06-02
SO-48285148,OR,CUST-1023,MAT-CG-10046,139,1565112.32,2027-02-24,PL-BLR,A,2026-04-24
SO-52496800,RO,CUST-1017,MAT-CG-10008,12,489622.6,2026-12-03,PL-BLR,A,2025-11-09
SO-99329049,OR,CUST-1045,MAT-CG-10046,10,102261.77,2026-12-23,PL-NGP,A,2025-11-23
SO-13345404,OR,CUST-1064,MAT-CG-10020,33,4096888.7,2026-12-26,PL-KOL,A,2026-08-21
SO-78103287,OR,CUST-1083,MAT-CG-10048,141,1627211.08,2026-12-30,PL-CHE,B,2025-09-16
SO-69338400,OR,CUST-1089,MAT-CG-10010,146,8782319.04,2026-12-31,PL-MUM,A,2025-09-10
SO-51350093,OR,CUST-1052,MAT-CG-10036,31,1885351.27,2026-10-26,PL-PUN,A,2026-07-07
SO-91624673,CS,CUST-1025,MAT-CG-10021,16,2391098.91,2026-10-26,PL-CHE,A,2026-08-12
SO-69788371,CS,CUST-1086,MAT-CG-10006,139,3317622.25,2027-01-09,PL-AHM,A,2025-12-15
SO-17522583,CS,CUST-1047,MAT-CG-10021,132,19222611.05,2026-12-18,PL-KOL,B,2026-02-14
SO-56294407,OR,CUST-1040,MAT-CG-10001,74,309891.86,2027-01-21,PL-DEL,A,2026-01-08
SO-69391930,OR,CUST-1021,MAT-CG-10048,108,1263259.75,2026-12-17,PL-AHM,A,2025-10-27
SO-29278938,OR,CUST-1039,MAT-CG-10039,24,804988.55,2027-01-12,PL-KOL,A,2025-10-25
SO-21871327,OR,CUST-1053,MAT-CG-10049,98,1541073.41,2026-11-08,PL-AHM,A,2025-11-12
SO-28378036,OR,CUST-1024,MAT-CG-10030,147,1941231.72,2026-11-13,PL-NGP,B,2026-08-02
SO-76317044,RO,CUST-1095,MAT-CG-10020,79,9406675.24,2026-09-06,PL-MUM,A,2026-04-11
SO-26666744,CS,CUST-1086,MAT-CG-10020,122,15398145.06,2026-12-15,PL-BLR,B,2025-09-05
SO-13817499,OR,CUST-1098,MAT-CG-10042,64,185556.63,2026-09-17,PL-JAI,C,2026-02-19
SO-85910136,OR,CUST-1034,MAT-CG-10038,125,2617008.59,2026-12-30,PL-DEL,A,2025-12-04
SO-12354860,OR,CUST-1021,MAT-CG-10047,149,1197621.5,2026-10-07,PL-KOL,B,2025-09-03
SO-31918943,OR,CUST-1035,MAT-CG-10009,93,4860758.57,2027-02-09,PL-KOL,A,2026-03-28
SO-95757950,OR,CUST-1066,MAT-CG-10019,137,12018900.54,2027-02-07,PL-BLR,A,2025-10-21
SO-82975834,OR,CUST-1041,MAT-CG-10049,44,709655.46,2027-02-22,PL-CHE,A,2025-09-07
SO-22862542,RO,CUST-1075,MAT-CG-10045,94,723046.05,2026-10-06,PL-MUM,A,2025-12-01
SO-75082045,OR,CUST-1044,MAT-CG-10019,97,9408258.92,2026-10-11,PL-DEL,A,2026-06-05
SO-35288872,RO,CUST-1079,MAT-CG-10033,58,1029709.67,2027-01-12,PL-NGP,C,2025-11-14
SO-66015266,OR,CUST-1010,MAT-CG-10045,31,230493.98,2026-10-03,PL-MUM,B,2026-02-26
SO-28658140,OR,CUST-1077,MAT-CG-10020,94,11286085.11,2026-11-26,PL-BLR,C,2026-03-21
SO-39844365,OR,CUST-1089,MAT-CG-10002,32,164906.85,2026-10-28,PL-CHE,A,2026-05-08
SO-67016371,CS,CUST-1098,MAT-CG-10009,22,1218792.53,2026-09-19,PL-MUM,B,2026-01-15
SO-24471004,OR,CUST-1085,MAT-CG-10003,52,409173.4,2026-09-15,PL-PUN,A,2026-04-16
SO-50486214,CS,CUST-1002,MAT-CG-10003,18,146375.44,2026-10-01,PL-JAI,A,2025-10-27
SO-57182050,OR,CUST-1012,MAT-CG-10013,49,958258.35,2026-11-10,PL-JAI,A,2026-02-24
SO-92269619,OR,CUST-1065,MAT-CG-10011,130,10064432.16,2026-09-25,PL-JAI,A,2025-11-26
SO-47830178,OR,CUST-1097,MAT-CG-10014,51,1413968.88,2026-09-25,PL-HYD,B,2025-12-23
SO-69010948,CS,CUST-1014,MAT-CG-10024,49,1663716.2,2026-11-29,PL-AHM,B,2026-05-06
SO-64704189,OR,CUST-1098,MAT-CG-10033,60,1107779.62,2026-10-01,PL-PUN,A,2025-11-30
SO-58486215,CS,CUST-1037,MAT-CG-10009,128,6875948.68,2026-09-10,PL-DEL,A,2025-12-14
SO-48065683,OR,CUST-1077,MAT-CG-10008,100,4249091.77,2027-02-22,PL-PUN,A,2025-11-13
SO-67440042,OR,CUST-1009,MAT-CG-10027,76,11094106.04,2026-12-30,PL-KOL,A,2026-08-17
SO-24115931,OR,CUST-1057,MAT-CG-10044,127,738538.77,2027-02-20,PL-DEL,A,2026-06-11
SO-89263249,OR,CUST-1095,MAT-CG-10026,104,10813942.13,2026-10-13,PL-DEL,A,2026-05-14
SO-89854290,OR,CUST-1016,MAT-CG-10022,53,10497183.8,2026-12-17,PL-PUN,A,2025-10-30
SO-96413557,OR,CUST-1046,MAT-CG-10038,71,1455561.29,2027-02-01,PL-AHM,B,2025-12-05
SO-71020042,OR,CUST-1016,MAT-CG-10018,39,2956883.8,2027-01-05,PL-HYD,C,2026-06-16
SO-17093731,OR,CUST-1064,MAT-CG-10002,27,150046.91,2026-10-15,PL-AHM,B,2025-09-10
SO-50634767,RO,CUST-1080,MAT-CG-10021,41,5716986.4,2026-09-19,PL-NGP,B,2025-12-28
SO-98864649,OR,CUST-1063,MAT-CG-10013,77,1584945.9,2027-01-16,PL-KOL,B,2025-11-17
SO-67768169,OR,CUST-1050,MAT-CG-10002,10,53853.87,2026-12-05,PL-PUN,B,2026-08-05
SO-84714519,CS,CUST-1100,MAT-CG-10003,47,359029.46,2026-10-12,PL-PUN,B,2026-06-16
SO-75425092,OR,CUST-1073,MAT-CG-10020,101,12381833.31,2027-02-15,PL-NGP,C,2025-11-20
SO-73875700,RO,CUST-1021,MAT-CG-10037,122,11189250.44,2026-12-09,PL-CHE,B,2025-10-25
SO-48176560,OR,CUST-1008,MAT-CG-10025,92,4983351.55,2026-09-11,PL-BLR,A,2026-02-26
SO-93906615,OR,CUST-1049,MAT-CG-10048,8,84734.93,2026-11-27,PL-KOL,B,2026-02-25
SO-43234179,OR,CUST-1083,MAT-CG-10004,64,652698.68,2026-09-21,PL-DEL,A,2026-06-26
SO-12645698,RO,CUST-1042,MAT-CG-10022,45,8661105.0,2027-02-15,PL-AHM,B,2025-12-03
SO-12738346,CS,CUST-1061,MAT-CG-10027,70,9805103.9,2026-11-20,PL-AHM,B,2026-02-05
SO-23116517,OR,CUST-1013,MAT-CG-10021,148,22444251.18,2026-10-22,PL-KOL,B,2025-12-09
SO-32364326,RO,CUST-1039,MAT-CG-10049,88,1331822.98,2026-12-20,PL-HYD,B,2025-10-02
SO-81918425,OR,CUST-1037,MAT-CG-10051,21,626797.82,2026-11-15,PL-JAI,B,2026-04-30
SO-87603784,OR,CUST-1076,MAT-CG-10040,25,1187925.63,2026-09-17,PL-JAI,B,2025-12-23
SO-56616029,OR,CUST-1084,MAT-CG-10028,55,365430.19,2027-01-07,PL-CHE,B,2025-09-18
SO-36853878,OR,CUST-1052,MAT-CG-10035,82,3404850.2,2027-01-09,PL-PUN,C,2025-11-16
SO-94267786,CS,CUST-1067,MAT-CG-10012,6,618755.93,2027-01-25,PL-PUN,A,2025-09-19
SO-45961754,CS,CUST-1069,MAT-CG-10048,121,1415934.28,2026-12-20,PL-JAI,C,2025-10-07
SO-36930522,OR,CUST-1060,MAT-CG-10004,135,1344480.5,2026-10-08,PL-CHE,B,2026-01-25
SO-95084307,OR,CUST-1053,MAT-CG-10021,18,2572971.12,2026-11-12,PL-BLR,A,2025-09-06
SO-64474404,OR,CUST-1015,MAT-CG-10039,62,1985353.05,2026-09-07,PL-HYD,A,2025-12-29
SO-68536768,OR,CUST-1083,MAT-CG-10032,145,4010205.04,2026-10-21,PL-BLR,A,2026-06-15
SO-47281925,CS,CUST-1071,MAT-CG-10002,68,352151.11,2026-09-10,PL-PUN,A,2026-07-26
SO-90745350,OR,CUST-1009,MAT-CG-10006,82,1942563.08,2026-12-13,PL-KOL,C,2025-09-21
SO-28865664,OR,CUST-1015,MAT-CG-10006,103,2334128.01,2027-01-06,PL-DEL,B,2025-09-17
SO-43797105,OR,CUST-1012,MAT-CG-10038,136,2695642.37,2026-10-01,PL-KOL,A,2025-10-28
SO-41667072,OR,CUST-1028,MAT-CG-10048,101,1077172.43,2026-10-14,PL-HYD,A,2026-01-10
SO-89118793,OR,CUST-1063,MAT-CG-10027,67,9314605.47,2027-02-26,PL-DEL,A,2025-11-17
SO-43064092,OR,CUST-1019,MAT-CG-10028,123,767137.5,2026-12-03,PL-CHE,A,2025-09-27
SO-98882124,OR,CUST-1089,MAT-CG-10039,10,356137.0,2027-02-18,PL-HYD,A,2025-11-14
SO-95758290,CS,CUST-1047,MAT-CG-10025,81,4958775.14,2027-02-22,PL-DEL,B,2026-04-24
SO-11055770,OR,CUST-1033,MAT-CG-10029,101,844750.09,2026-10-30,PL-CHE,A,2026-06-02
SO-96493863,OR,CUST-1005,MAT-CG-10029,83,691535.06,2026-09-20,PL-PUN,B,2026-01-24
SO-23474864,OR,CUST-1090,MAT-CG-10022,110,21875011.86,2026-09-16,PL-KOL,B,2025-10-19
SO-53858104,OR,CUST-1089,MAT-CG-10047,142,1054381.63,2026-09-13,PL-BLR,C,2026-01-08
SO-10412827,OR,CUST-1026,MAT-CG-10051,36,1130594.08,2026-11-19,PL-JAI,A,2026-06-28
SO-79305456,CS,CUST-1099,MAT-CG-10011,65,5212637.56,2026-10-03,PL-JAI,C,2026-01-25
SO-70597948,OR,CUST-1095,MAT-CG-10051,83,2430468.84,2026-10-14,PL-JAI,A,2026-04-01
SO-65632768,OR,CUST-1024,MAT-CG-10013,23,466104.05,2026-12-05,PL-JAI,A,2026-08-13
SO-96853189,RO,CUST-1081,MAT-CG-10002,144,751456.12,2026-09-22,PL-PUN,A,2026-04-11
SO-16681756,OR,CUST-1080,MAT-CG-10045,45,349936.31,2026-11-05,PL-BLR,A,2026-02-16
SO-25750520,OR,CUST-1092,MAT-CG-10011,147,11310978.19,2026-12-25,PL-PUN,A,2026-05-01
SO-35574404,OR,CUST-1037,MAT-CG-10046,54,600530.35,2026-12-06,PL-BLR,B,2026-05-10
SO-47979220,CS,CUST-1087,MAT-CG-10039,57,1835754.52,2026-10-16,PL-AHM,A,2026-08-09
SO-41606345,RO,CUST-1058,MAT-CG-10019,69,6680535.96,2026-12-03,PL-JAI,C,2025-09-26
SO-11385159,OR,CUST-1018,MAT-CG-10030,23,305310.82,2027-02-24,PL-AHM,C,2026-05-07
SO-66813149,CS,CUST-1077,MAT-CG-10046,100,1038805.73,2026-09-24,PL-NGP,A,2026-07-28
SO-73207479,OR,CUST-1078,MAT-CG-10022,62,13532405.66,2027-01-31,PL-MUM,A,2026-04-16
SO-50601849,OR,CUST-1086,MAT-CG-10033,99,1681714.72,2027-01-21,PL-MUM,B,2026-05-24
SO-77611740,OR,CUST-1044,MAT-CG-10017,45,2967141.63,2026-10-03,PL-DEL,A,2025-11-25
SO-44951103,OR,CUST-1041,MAT-CG-10028,38,226291.5,2026-10-02,PL-PUN,A,2026-02-20
SO-45328305,RO,CUST-1098,MAT-CG-10028,74,498406.11,2027-01-10,PL-KOL,B,2026-05-31
SO-30302410,RO,CUST-1085,MAT-CG-10021,127,19118178.18,2026-12-21,PL-MUM,A,2026-06-08
SO-34580812,OR,CUST-1061,MAT-CG-10004,60,607373.17,2026-12-28,PL-AHM,A,2025-12-13
SO-57851319,CS,CUST-1072,MAT-CG-10003,115,901351.36,2027-01-04,PL-DEL,C,2026-06-09
SO-22559810,OR,CUST-1037,MAT-CG-10008,91,3577514.52,2026-10-13,PL-NGP,A,2025-11-08
SO-88322404,OR,CUST-1068,MAT-CG-10043,56,260652.72,2026-10-16,PL-AHM,A,2026-04-19
SO-22657432,OR,CUST-1004,MAT-CG-10050,129,2807937.52,2027-02-21,PL-DEL,B,2026-02-13
SO-53424580,OR,CUST-1004,MAT-CG-10038,29,561783.38,2027-02-15,PL-PUN,B,2025-10-06
SO-54214932,OR,CUST-1084,MAT-CG-10018,3,239628.67,2026-12-24,PL-KOL,C,2025-11-05
SO-16534020,CS,CUST-1037,MAT-CG-10009,56,2911142.97,2026-09-14,PL-DEL,B,2025-10-19
SO-63533881,OR,CUST-1023,MAT-CG-10025,25,1396876.15,2026-12-11,PL-DEL,A,2026-05-09
SO-64008708,OR,CUST-1083,MAT-CG-10011,101,8015589.71,2027-02-14,PL-BLR,A,2026-03-24
SO-51621092,CS,CUST-1078,MAT-CG-10032,112,2781842.95,2027-02-17,PL-DEL,A,2025-12-04
SO-69786268,OR,CUST-1061,MAT-CG-10013,127,2528297.09,2027-01-31,PL-AHM,A,2026-01-19
SO-68264710,CS,CUST-1055,MAT-CG-10024,49,1642438.86,2027-01-09,PL-KOL,B,2025-09-11
SO-76481027,RO,CUST-1081,MAT-CG-10015,41,1486549.03,2026-09-21,PL-CHE,B,2026-01-12
SO-50318100,OR,CUST-1017,MAT-CG-10006,124,2853867.38,2026-11-15,PL-HYD,B,2026-01-17
SO-16405980,RO,CUST-1010,MAT-CG-10019,147,14251124.86,2027-01-09,PL-DEL,B,2026-01-18
SO-72365138,CS,CUST-1093,MAT-CG-10027,26,3632135.54,2026-11-03,PL-KOL,A,2025-10-28
SO-12183547,OR,CUST-1095,MAT-CG-10006,130,2982736.17,2026-10-15,PL-BLR,B,2026-07-31
SO-49949573,OR,CUST-1076,MAT-CG-10006,108,2499030.95,2027-02-18,PL-PUN,B,2026-04-10
SO-38329117,OR,CUST-1011,MAT-CG-10022,49,10425486.89,2027-02-01,PL-CHE,C,2026-06-30
SO-12404540,OR,CUST-1051,MAT-CG-10028,138,830641.81,2026-10-13,PL-PUN,B,2025-09-03
SO-50641125,RO,CUST-1079,MAT-CG-10026,126,12130517.43,2027-02-19,PL-AHM,A,2026-07-10
SO-11862394,OR,CUST-1015,MAT-CG-10009,36,2002907.68,2027-02-25,PL-HYD,A,2026-05-08
SO-97206603,OR,CUST-1056,MAT-CG-10031,39,756348.02,2027-01-15,PL-HYD,A,2026-03-22
SO-29886456,OR,CUST-1055,MAT-CG-10050,120,2513768.22,2026-10-12,PL-BLR,C,2026-01-08
SO-12634395,OR,CUST-1075,MAT-CG-10032,122,3079666.97,2026-11-14,PL-JAI,B,2026-07-28
SO-23779264,CS,CUST-1092,MAT-CG-10022,4,814996.54,2026-12-15,PL-PUN,C,2025-10-31
SO-49027097,OR,CUST-1063,MAT-CG-10039,143,4746242.09,2027-01-09,PL-JAI,C,2025-10-14
SO-41125867,CS,CUST-1008,MAT-CG-10044,126,733296.93,2026-12-17,PL-JAI,A,2025-11-13
SO-97013391,OR,CUST-1061,MAT-CG-10005,70,1146336.97,2027-02-06,PL-KOL,B,2025-08-31
SO-31653807,OR,CUST-1093,MAT-CG-10028,7,42601.34,2026-11-27,PL-PUN,A,2025-12-07
SO-90812511,CS,CUST-1085,MAT-CG-10015,88,3112932.1,2026-11-14,PL-AHM,B,2025-09-13
SO-73394367,OR,CUST-1080,MAT-CG-10042,94,269798.68,2027-02-23,PL-DEL,C,2025-12-19
SO-36774319,OR,CUST-1078,MAT-CG-10009,46,2448906.43,2026-12-15,PL-PUN,A,2026-04-25
SO-16314854,OR,CUST-1046,MAT-CG-10014,144,4182231.59,2026-11-30,PL-BLR,A,2025-12-09
SO-55329991,OR,CUST-1015,MAT-CG-10003,18,143682.82,2026-09-30,PL-NGP,A,2025-12-17
SO-57679636,OR,CUST-1099,MAT-CG-10017,89,5868204.84,2026-11-07,PL-BLR,C,2025-12-03
SO-16767531,OR,CUST-1059,MAT-CG-10039,28,1003105.28,2026-09-28,PL-DEL,B,2025-10-15
SO-85493830,OR,CUST-1065,MAT-CG-10051,28,816541.98,2027-02-08,PL-DEL,A,2026-02-19
SO-69259530,RO,CUST-1064,MAT-CG-10011,76,6015324.24,2026-09-25,PL-BLR,C,2026-02-18
SO-26506561,OR,CUST-1057,MAT-CG-10022,37,8107869.52,2026-09-01,PL-HYD,B,2026-03-02
SO-32986369,OR,CUST-1035,MAT-CG-10019,131,11790633.93,2026-12-15,PL-KOL,C,2025-09-17
SO-81088456,OR,CUST-1030,MAT-CG-10016,40,1846913.67,2026-12-18,PL-AHM,B,2026-01-01
SO-13994712,OR,CUST-1019,MAT-CG-10034,94,2553355.16,2027-01-10,PL-DEL,A,2026-03-03
SO-32055285,OR,CUST-1008,MAT-CG-10021,104,15135919.67,2026-09-09,PL-BLR,B,2026-07-25
SO-49691460,OR,CUST-1052,MAT-CG-10041,135,10373648.14,2027-02-26,PL-NGP,A,2026-03-16
SO-47551535,RO,CUST-1079,MAT-CG-10023,4,1227176.64,2027-02-26,PL-AHM,B,2025-09-28
SO-93800137,RO,CUST-1084,MAT-CG-10014,141,3857847.64,2026-11-27,PL-AHM,A,2026-03-22
SO-82133102,OR,CUST-1050,MAT-CG-10006,11,254565.39,2026-10-02,PL-NGP,B,2026-03-31
SO-78675400,RO,CUST-1040,MAT-CG-10014,25,691608.08,2027-02-09,PL-BLR,A,2026-08-09
SO-89524487,OR,CUST-1031,MAT-CG-10051,140,4519236.73,2026-11-16,PL-AHM,B,2026-06-28
SO-60060376,OR,CUST-1081,MAT-CG-10047,17,135248.38,2026-10-01,PL-MUM,C,2026-06-21
SO-86830962,CS,CUST-1001,MAT-CG-10029,78,666585.19,2026-10-30,PL-JAI,B,2025-10-06
SO-89933222,OR,CUST-1045,MAT-CG-10043,138,602052.85,2027-02-17,PL-JAI,C,2026-06-13
SO-79748476,CS,CUST-1032,MAT-CG-10046,98,995906.8,2027-01-10,PL-JAI,A,2026-02-20
SO-29670044,CS,CUST-1055,MAT-CG-10030,27,356370.52,2026-09-20,PL-DEL,A,2026-01-18
SO-38827874,OR,CUST-1010,MAT-CG-10009,123,6436155.83,2027-01-12,PL-AHM,B,2025-11-10
SO-45392370,RO,CUST-1064,MAT-CG-10034,103,2747702.01,2026-12-21,PL-PUN,C,2026-01-22
SO-77885433,OR,CUST-1063,MAT-CG-10011,38,2998992.87,2026-10-03,PL-NGP,B,2026-06-24
SO-71127098,OR,CUST-1005,MAT-CG-10045,56,454897.74,2027-01-21,PL-KOL,A,2025-10-19
SO-26222417,OR,CUST-1074,MAT-CG-10027,30,4029951.68,2027-01-11,PL-BLR,A,2026-02-14
SO-50702879,OR,CUST-1063,MAT-CG-10020,97,10847078.38,2026-10-06,PL-BLR,B,2026-01-20
SO-48048350,OR,CUST-1024,MAT-CG-10004,80,874931.69,2027-01-03,PL-MUM,A,2025-11-16
SO-15997180,OR,CUST-1062,MAT-CG-10023,19,5563091.35,2027-01-22,PL-PUN,A,2026-02-11
SO-28592146,RO,CUST-1082,MAT-CG-10031,35,644435.74,2026-12-24,PL-PUN,A,2026-03-10
SO-61973818,OR,CUST-1051,MAT-CG-10006,106,2325393.38,2026-09-11,PL-PUN,C,2026-04-03
SO-32228439,CS,CUST-1004,MAT-CG-10042,24,72526.8,2026-11-18,PL-NGP,C,2026-06-21
SO-21428912,OR,CUST-1080,MAT-CG-10042,145,436363.45,2026-09-13,PL-JAI,B,2026-05-19
SO-77463037,OR,CUST-1016,MAT-CG-10049,123,1939335.55,2027-01-14,PL-BLR,A,2026-04-05
SO-42921822,CS,CUST-1075,MAT-CG-10051,54,1653250.2,2027-01-14,PL-JAI,A,2026-01-30
SO-75964394,OR,CUST-1044,MAT-CG-10038,13,265068.31,2026-12-15,PL-MUM,B,2026-03-14
SO-22217180,OR,CUST-1013,MAT-CG-10025,67,3906551.64,2026-11-12,PL-BLR,A,2026-04-15
SO-30700047,OR,CUST-1053,MAT-CG-10050,24,551934.21,2026-09-15,PL-JAI,A,2026-05-23
SO-50000149,OR,CUST-1013,MAT-CG-10002,16,84596.98,2026-12-14,PL-KOL,A,2026-02-12
SO-37187070,OR,CUST-1097,MAT-CG-10008,15,625423.0,2026-10-30,PL-PUN,B,2025-12-08
SO-46143160,OR,CUST-1041,MAT-CG-10025,31,1788280.81,2026-12-13,PL-DEL,B,2026-08-09
SO-12499514,OR,CUST-1071,MAT-CG-10027,61,8985132.43,2027-02-19,PL-DEL,A,2025-11-12
SO-50884443,RO,CUST-1053,MAT-CG-10042,34,100963.97,2027-02-09,PL-NGP,A,2026-06-12
SO-32573855,OR,CUST-1069,MAT-CG-10024,140,5287226.89,2027-01-20,PL-PUN,A,2026-08-23
SO-97652074,OR,CUST-1001,MAT-CG-10030,76,900646.15,2027-01-01,PL-CHE,B,2026-04-17
SO-57166514,CS,CUST-1028,MAT-CG-10044,99,580698.19,2027-01-08,PL-CHE,A,2026-06-02
SO-85575530,OR,CUST-1039,MAT-CG-10048,138,1460033.87,2027-02-25,PL-DEL,A,2025-11-12
SO-38299831,RO,CUST-1065,MAT-CG-10018,112,9355919.5,2026-11-20,PL-KOL,C,2026-04-12
SO-46643203,OR,CUST-1085,MAT-CG-10049,117,1926239.1,2026-11-26,PL-HYD,B,2025-10-21
SO-27948365,CS,CUST-1001,MAT-CG-10022,6,1252867.81,2026-09-01,PL-MUM,C,2026-05-27
SO-75629343,OR,CUST-1069,MAT-CG-10027,144,18766267.58,2027-02-13,PL-DEL,B,2026-08-08
SO-26564560,OR,CUST-1049,MAT-CG-10043,115,539619.02,2026-11-30,PL-AHM,A,2025-09-01
SO-72101540,OR,CUST-1025,MAT-CG-10001,33,128592.4,2026-10-26,PL-MUM,A,2025-09-09
SO-35704262,OR,CUST-1079,MAT-CG-10046,93,1017394.76,2026-10-26,PL-HYD,B,2026-02-19
SO-76147579,CS,CUST-1091,MAT-CG-10003,73,581794.05,2026-09-01,PL-HYD,C,2026-02-02
SO-86383608,RO,CUST-1064,MAT-CG-10008,73,2865624.42,2026-10-19,PL-JAI,C,2025-09-08
SO-33559082,OR,CUST-1076,MAT-CG-10039,146,4660348.2,2026-09-16,PL-BLR,A,2025-11-05
SO-46819677,OR,CUST-1087,MAT-CG-10015,135,4478517.06,2027-02-24,PL-NGP,B,2026-04-16
SO-70924933,OR,CUST-1055,MAT-CG-10044,145,857039.73,2027-02-13,PL-MUM,A,2026-01-14
SO-26336672,CS,CUST-1067,MAT-CG-10027,72,9917073.26,2026-12-01,PL-NGP,A,2026-05-01
SO-66379776,RO,CUST-1058,MAT-CG-10004,73,744924.73,2026-12-09,PL-HYD,A,2026-07-13
SO-40283277,CS,CUST-1055,MAT-CG-10037,8,779696.5,2026-11-02,PL-HYD,A,2026-03-08
SO-94019584,CS,CUST-1013,MAT-CG-10020,18,2012828.45,2026-12-19,PL-MUM,B,2025-10-07
SO-43172390,OR,CUST-1061,MAT-CG-10022,66,13082326.85,2026-11-26,PL-MUM,A,2025-11-30
SO-19785926,RO,CUST-1080,MAT-CG-10051,62,1896660.07,2026-09-24,PL-PUN,B,2026-06-21
SO-14475312,OR,CUST-1041,MAT-CG-10006,17,402170.04,2027-02-24,PL-DEL,A,2026-07-23
SO-50462762,RO,CUST-1081,MAT-CG-10029,16,136327.67,2026-09-26,PL-MUM,B,2026-07-28
SO-63912988,OR,CUST-1080,MAT-CG-10019,99,9389161.3,2026-10-29,PL-JAI,C,2025-10-08
SO-61528873,OR,CUST-1055,MAT-CG-10001,118,487864.66,2027-02-05,PL-DEL,A,2025-09-24
SO-70945151,RO,CUST-1043,MAT-CG-10044,8,46942.22,2026-09-27,PL-DEL,A,2025-10-23
SO-89575878,OR,CUST-1074,MAT-CG-10046,19,193673.51,2027-01-08,PL-CHE,A,2026-01-20
SO-34954217,OR,CUST-1018,MAT-CG-10031,115,2216917.54,2026-09-15,PL-BLR,A,2025-10-28
SO-97470361,OR,CUST-1040,MAT-CG-10028,133,855450.77,2027-01-16,PL-BLR,A,2025-12-26
SO-49065941,OR,CUST-1002,MAT-CG-10020,89,10677704.25,2027-02-15,PL-BLR,A,2026-04-24
SO-17329266,OR,CUST-1045,MAT-CG-10033,145,2401918.35,2026-10-21,PL-HYD,A,2026-03-02
SO-72733686,RO,CUST-1089,MAT-CG-10013,123,2470710.34,2027-01-26,PL-JAI,A,2025-10-12
SO-54106502,OR,CUST-1014,MAT-CG-10020,109,12962234.97,2026-09-10,PL-PUN,A,2026-08-22
SO-40906854,OR,CUST-1080,MAT-CG-10041,59,4131252.24,2027-01-01,PL-KOL,C,2026-02-12
SO-34728879,OR,CUST-1047,MAT-CG-10014,104,2673105.36,2026-11-30,PL-MUM,B,2026-06-26
SO-69110577,OR,CUST-1081,MAT-CG-10010,76,4889647.55,2026-12-01,PL-MUM,A,2026-05-14
SO-33373562,OR,CUST-1034,MAT-CG-10013,74,1568494.59,2026-11-25,PL-NGP,A,2026-05-24
SO-33632711,OR,CUST-1013,MAT-CG-10013,7,134400.3,2027-02-20,PL-BLR,B,2025-09-22
SO-55417034,OR,CUST-1040,MAT-CG-10051,30,920013.41,2026-12-03,PL-KOL,C,2026-05-28
SO-18774822,OR,CUST-1019,MAT-CG-10034,113,3115761.67,2026-10-03,PL-HYD,A,2025-11-24
SO-52674742,RO,CUST-1055,MAT-CG-10025,97,5996003.71,2026-11-01,PL-MUM,B,2025-10-27
SO-49484539,OR,CUST-1042,MAT-CG-10013,139,2758720.62,2027-02-08,PL-CHE,A,2025-12-06
SO-38083391,CS,CUST-1011,MAT-CG-10038,127,2715786.1,2027-02-16,PL-JAI,A,2026-05-30
SO-96580039,RO,CUST-1048,MAT-CG-10033,101,1746704.46,2026-12-27,PL-BLR,A,2026-02-13
SO-76409861,OR,CUST-1035,MAT-CG-10034,125,3309439.94,2027-02-10,PL-JAI,C,2026-08-05
SO-37246265,OR,CUST-1031,MAT-CG-10014,58,1576630.03,2026-11-17,PL-AHM,B,2025-11-04
SO-44162336,RO,CUST-1011,MAT-CG-10011,97,7058880.23,2026-09-21,PL-CHE,B,2025-12-01
SO-88378083,OR,CUST-1060,MAT-CG-10023,60,17420649.73,2026-11-25,PL-AHM,B,2025-12-27
SO-59326617,OR,CUST-1041,MAT-CG-10028,106,652679.02,2026-09-06,PL-BLR,B,2026-04-26
SO-58196637,OR,CUST-1038,MAT-CG-10017,21,1378210.59,2027-01-09,PL-NGP,C,2026-07-14
SO-40566959,OR,CUST-1016,MAT-CG-10051,72,2089158.18,2026-09-09,PL-NGP,A,2026-03-06
SO-43557605,OR,CUST-1096,MAT-CG-10013,86,1846636.31,2027-02-21,PL-CHE,A,2025-10-18
SO-45049006,OR,CUST-1099,MAT-CG-10009,141,7305083.59,2026-11-27,PL-AHM,B,2025-10-31
SO-73351303,CS,CUST-1066,MAT-CG-10049,5,82384.97,2026-10-08,PL-AHM,A,2026-04-29
SO-73678024,OR,CUST-1067,MAT-CG-10047,55,442400.15,2027-01-19,PL-PUN,C,2025-12-30
SO-52020192,OR,CUST-1055,MAT-CG-10022,23,4908792.22,2027-02-25,PL-AHM,A,2026-01-11
SO-14040500,OR,CUST-1018,MAT-CG-10029,144,1252036.82,2026-10-02,PL-CHE,C,2026-08-19
SO-55610169,OR,CUST-1054,MAT-CG-10032,92,2383684.9,2026-12-12,PL-NGP,A,2026-03-10
SO-86178952,OR,CUST-1018,MAT-CG-10038,7,137056.9,2026-11-23,PL-JAI,C,2025-10-19
SO-62463815,OR,CUST-1027,MAT-CG-10039,148,5292462.49,2026-09-16,PL-NGP,B,2026-05-19
SO-54136340,RO,CUST-1058,MAT-CG-10031,29,547253.04,2026-11-16,PL-DEL,A,2026-07-01
SO-33841913,OR,CUST-1089,MAT-CG-10044,143,840884.52,2026-09-06,PL-BLR,A,2026-07-19
SO-37634396,OR,CUST-1038,MAT-CG-10025,74,4384953.87,2026-09-17,PL-PUN,A,2026-02-16
SO-33062057,OR,CUST-1053,MAT-CG-10034,4,103134.49,2026-09-28,PL-BLR,B,2026-01-21
SO-62209742,OR,CUST-1017,MAT-CG-10031,19,369864.18,2026-11-18,PL-AHM,C,2025-09-17
SO-91028510,RO,CUST-1040,MAT-CG-10031,42,787004.58,2027-01-06,PL-PUN,A,2026-05-12
SO-69825080,OR,CUST-1052,MAT-CG-10001,38,151401.4,2026-11-02,PL-NGP,A,2025-11-05
SO-72101932,RO,CUST-1006,MAT-CG-10032,119,3218204.84,2026-11-12,PL-PUN,A,2025-08-30
SO-62491260,RO,CUST-1023,MAT-CG-10046,78,828789.3,2026-10-15,PL-JAI,C,2026-01-14
SO-98460225,OR,CUST-1090,MAT-CG-10030,100,1274291.98,2026-12-09,PL-MUM,A,2026-06-04
SO-49176757,CS,CUST-1009,MAT-CG-10018,139,11217667.02,2026-10-25,PL-PUN,B,2025-11-13
SO-20272170,OR,CUST-1065,MAT-CG-10008,96,4095801.94,2026-11-22,PL-AHM,B,2026-05-31
SO-77922837,OR,CUST-1060,MAT-CG-10017,55,3218749.2,2027-02-10,PL-PUN,B,2026-03-01
SO-36092407,OR,CUST-1005,MAT-CG-10048,104,1087502.03,2026-09-29,PL-BLR,A,2025-09-14
SO-75063283,OR,CUST-1009,MAT-CG-10048,120,1268253.1,2027-02-15,PL-HYD,C,2026-01-11
SO-47465789,OR,CUST-1022,MAT-CG-10009,122,6807997.02,2027-02-02,PL-DEL,A,2026-03-26
SO-62458932,OR,CUST-1010,MAT-CG-10008,138,5812610.11,2026-09-02,PL-CHE,A,2026-01-10
SO-39081281,CS,CUST-1005,MAT-CG-10023,47,14366739.78,2027-01-14,PL-HYD,B,2025-09-01
SO-96035199,CS,CUST-1092,MAT-CG-10004,135,1445177.54,2026-09-26,PL-AHM,C,2026-03-19
SO-90289763,OR,CUST-1007,MAT-CG-10029,15,133917.03,2026-10-21,PL-HYD,A,2026-04-23
SO-12152643,OR,CUST-1004,MAT-CG-10013,25,549234.28,2026-11-25,PL-HYD,C,2025-09-15
SO-22965862,CS,CUST-1022,MAT-CG-10005,58,1034502.36,2026-09-11,PL-AHM,B,2026-06-29
SO-85437626,CS,CUST-1025,MAT-CG-10021,84,12624426.42,2027-01-16,PL-AHM,B,2026-06-23
SO-24211686,OR,CUST-1042,MAT-CG-10015,56,1899390.67,2026-12-11,PL-KOL,A,2026-02-05
SO-39540811,OR,CUST-1085,MAT-CG-10014,119,3426111.22,2027-02-13,PL-JAI,A,2026-08-01
SO-65176483,OR,CUST-1099,MAT-CG-10005,57,999510.97,2026-09-26,PL-NGP,B,2026-05-28
SO-90512805,OR,CUST-1081,MAT-CG-10017,26,1673227.58,2027-02-20,PL-BLR,A,2026-05-26
SO-99438746,OR,CUST-1009,MAT-CG-10041,83,5914411.25,2027-02-02,PL-JAI,B,2026-02-09
SO-77567894,RO,CUST-1091,MAT-CG-10033,61,1126795.41,2026-10-29,PL-MUM,B,2026-06-21
SO-67512010,OR,CUST-1080,MAT-CG-10020,62,6986224.7,2026-10-05,PL-KOL,B,2026-03-25
SO-60432035,OR,CUST-1083,MAT-CG-10013,40,769936.53,2027-01-31,PL-PUN,C,2026-03-08
SO-52619317,CS,CUST-1098,MAT-CG-10009,73,3641494.87,2026-12-15,PL-CHE,A,2026-04-28
SO-56000229,OR,CUST-1027,MAT-CG-10047,86,687220.8,2027-02-17,PL-HYD,C,2025-09-01
SO-91612860,OR,CUST-1067,MAT-CG-10047,58,449523.71,2026-12-22,PL-MUM,A,2025-12-15
SO-16993664,CS,CUST-1019,MAT-CG-10005,51,935929.06,2026-10-02,PL-DEL,A,2025-10-24
SO-41717008,RO,CUST-1011,MAT-CG-10036,54,3198221.02,2026-12-28,PL-CHE,A,2026-05-14
SO-33680772,RO,CUST-1032,MAT-CG-10016,110,5201785.69,2027-01-25,PL-PUN,C,2026-05-12
SO-20739561,OR,CUST-1051,MAT-CG-10018,125,9650584.37,2026-12-29,PL-PUN,B,2025-12-08
SO-30921653,OR,CUST-1003,MAT-CG-10040,112,5643751.91,2026-12-18,PL-DEL,A,2025-10-23
SO-84202557,CS,CUST-1023,MAT-CG-10035,41,1703902.78,2026-12-27,PL-CHE,B,2026-03-31
SO-91339346,OR,CUST-1010,MAT-CG-10025,145,8210750.74,2026-12-29,PL-HYD,A,2026-05-18
SO-77202790,CS,CUST-1093,MAT-CG-10001,5,19291.72,2026-12-12,PL-AHM,B,2026-02-13
SO-51313669,CS,CUST-1076,MAT-CG-10025,127,6923296.91,2026-09-09,PL-DEL,B,2025-11-07
SO-68558918,OR,CUST-1099,MAT-CG-10011,51,4134748.33,2026-11-28,PL-NGP,C,2025-12-16
SO-17744982,CS,CUST-1050,MAT-CG-10041,96,7416470.42,2026-11-02,PL-HYD,B,2026-08-06
SO-99345471,CS,CUST-1019,MAT-CG-10024,9,309158.76,2026-12-25,PL-BLR,A,2026-04-19
SO-98933292,OR,CUST-1002,MAT-CG-10039,150,4779944.91,2026-09-23,PL-AHM,B,2025-10-27
SO-35343427,OR,CUST-1022,MAT-CG-10006,134,3144821.7,2026-11-03,PL-CHE,B,2025-11-24
SO-88662295,OR,CUST-1094,MAT-CG-10043,99,438851.56,2026-09-22,PL-DEL,C,2025-11-03
SO-29154679,OR,CUST-1096,MAT-CG-10050,90,1938034.78,2026-12-10,PL-CHE,A,2026-05-29
SO-23001760,OR,CUST-1100,MAT-CG-10032,2,53789.19,2027-01-12,PL-AHM,C,2026-03-29
SO-32902142,OR,CUST-1048,MAT-CG-10047,112,851308.87,2026-10-04,PL-HYD,B,2026-05-22
SO-70486666,RO,CUST-1028,MAT-CG-10033,30,496243.78,2026-09-15,PL-BLR,A,2026-04-13
SO-94132688,RO,CUST-1014,MAT-CG-10027,114,16583270.46,2026-10-12,PL-DEL,A,2026-07-11
SO-47146394,OR,CUST-1044,MAT-CG-10025,33,1787910.74,2026-10-30,PL-PUN,B,2025-09-13
SO-11275951,OR,CUST-1035,MAT-CG-10049,27,431125.42,2026-09-01,PL-JAI,A,2026-07-05
SO-10974683,OR,CUST-1078,MAT-CG-10014,135,3734030.37,2026-11-07,PL-PUN,B,2026-03-04
SO-55171003,OR,CUST-1088,MAT-CG-10039,111,3938936.26,2026-11-19,PL-HYD,A,2025-09-17
SO-91981404,OR,CUST-1046,MAT-CG-10026,98,10120215.68,2026-09-25,PL-MUM,B,2025-08-31
SO-13446768,RO,CUST-1016,MAT-CG-10026,37,3818841.12,2026-11-10,PL-HYD,A,2026-01-04
SO-79110587,OR,CUST-1085,MAT-CG-10040,123,5720784.14,2027-02-10,PL-KOL,A,2025-10-03
SO-53691252,CS,CUST-1057,MAT-CG-10024,13,444779.14,2027-01-02,PL-AHM,C,2025-10-14
SO-56752592,OR,CUST-1061,MAT-CG-10051,22,724760.93,2027-02-26,PL-DEL,C,2026-02-07
SO-29214803,RO,CUST-1074,MAT-CG-10019,51,4858216.2,2027-01-07,PL-MUM,A,2025-12-12
SO-50446284,CS,CUST-1071,MAT-CG-10051,24,790684.13,2026-12-28,PL-BLR,B,2026-06-25
SO-42333267,OR,CUST-1028,MAT-CG-10031,140,2473057.24,2027-02-15,PL-DEL,A,2026-01-13
SO-31506414,OR,CUST-1050,MAT-CG-10046,9,100355.69,2026-10-26,PL-CHE,C,2025-12-23
SO-99318726,OR,CUST-1069,MAT-CG-10043,33,150854.02,2027-01-03,PL-DEL,C,2026-03-06
SO-90621827,OR,CUST-1083,MAT-CG-10015,149,5178574.77,2026-12-06,PL-NGP,B,2026-04-26
SO-25527644,OR,CUST-1012,MAT-CG-10015,68,2285495.62,2026-11-26,PL-JAI,A,2026-06-25
SO-27101682,OR,CUST-1049,MAT-CG-10037,96,8890552.37,2026-08-31,PL-CHE,A,2025-10-25
SO-62096010,OR,CUST-1041,MAT-CG-10035,50,2231612.99,2027-02-20,PL-BLR,B,2025-09-18
SO-24305720,OR,CUST-1002,MAT-CG-10039,58,1962674.24,2026-12-26,PL-KOL,A,2026-03-25
SO-71174364,OR,CUST-1077,MAT-CG-10015,129,4445334.91,2027-02-17,PL-MUM,B,2026-03-13
SO-26571059,OR,CUST-1091,MAT-CG-10020,130,15718416.13,2027-02-08,PL-HYD,B,2026-03-27
SO-17893691,OR,CUST-1020,MAT-CG-10046,98,1101783.39,2026-10-23,PL-HYD,C,2026-07-28
SO-75431766,CS,CUST-1051,MAT-CG-10050,47,1025220.28,2027-02-15,PL-BLR,A,2025-11-16
SO-66698597,CS,CUST-1061,MAT-CG-10026,88,9228365.54,2026-12-09,PL-AHM,A,2025-11-26
SO-47898265,CS,CUST-1025,MAT-CG-10047,74,604559.66,2027-01-18,PL-AHM,A,2026-06-17
SO-17264306,CS,CUST-1039,MAT-CG-10021,150,22028657.63,2026-10-11,PL-JAI,A,2026-01-09
SO-49068306,OR,CUST-1027,MAT-CG-10045,125,943275.63,2026-10-20,PL-MUM,A,2025-11-02
SO-60540462,OR,CUST-1087,MAT-CG-10007,39,1203212.32,2026-09-14,PL-DEL,A,2025-12-24
SO-25750026,RO,CUST-1084,MAT-CG-10012,15,1439554.97,2026-12-20,PL-BLR,C,2026-01-29
SO-25945407,OR,CUST-1051,MAT-CG-10016,10,485431.11,2027-02-23,PL-JAI,A,2025-09-23
SO-98384904,OR,CUST-1100,MAT-CG-10048,98,1094006.45,2027-02-13,PL-AHM,A,2025-10-04
SO-59301266,OR,CUST-1016,MAT-CG-10042,115,325739.47,2026-10-01,PL-PUN,C,2025-09-15
SO-13090599,RO,CUST-1074,MAT-CG-10033,59,1089704.93,2026-12-31,PL-CHE,C,2026-07-06
SO-61534222,OR,CUST-1083,MAT-CG-10051,48,1522787.6,2026-11-15,PL-JAI,A,2026-07-04
SO-82143514,OR,CUST-1052,MAT-CG-10021,18,2774813.53,2026-09-05,PL-AHM,B,2025-11-22
SO-75573851,OR,CUST-1067,MAT-CG-10051,137,4425284.61,2027-01-15,PL-DEL,A,2025-09-20
SO-90410190,CS,CUST-1024,MAT-CG-10008,48,1838901.76,2026-12-23,PL-KOL,A,2026-08-03
SO-37679708,CS,CUST-1021,MAT-CG-10009,149,7485872.21,2026-11-04,PL-MUM,A,2026-06-21
SO-58796148,RO,CUST-1022,MAT-CG-10033,78,1334770.2,2027-02-15,PL-MUM,A,2026-03-23
SO-49379055,CS,CUST-1069,MAT-CG-10003,134,1044376.3,2027-01-25,PL-PUN,C,2026-03-16
SO-91359046,RO,CUST-1066,MAT-CG-10034,92,2311391.05,2026-09-25,PL-MUM,A,2026-08-05
SO-50226291,OR,CUST-1018,MAT-CG-10013,38,792761.05,2026-10-25,PL-JAI,A,2026-04-03
SO-19980384,RO,CUST-1033,MAT-CG-10009,110,5667375.74,2027-02-13,PL-BLR,B,2026-01-02
SO-67088619,CS,CUST-1019,MAT-CG-10006,67,1510985.44,2026-09-18,PL-CHE,C,2025-09-01
SO-59948088,RO,CUST-1085,MAT-CG-10042,51,155727.11,2027-01-08,PL-JAI,A,2026-01-21
SO-68200448,OR,CUST-1004,MAT-CG-10010,82,5549917.15,2026-11-02,PL-DEL,A,2026-06-21
SO-83600812,OR,CUST-1009,MAT-CG-10035,30,1259686.74,2026-09-22,PL-KOL,A,2026-04-06
SO-46728250,OR,CUST-1013,MAT-CG-10010,59,3687149.47,2026-10-26,PL-AHM,A,2026-06-21
SO-51144384,RO,CUST-1063,MAT-CG-10012,136,12600961.49,2026-11-28,PL-JAI,A,2025-11-14
SO-16437523,OR,CUST-1041,MAT-CG-10018,27,2252229.1,2026-12-08,PL-BLR,A,2025-09-10
SO-84044121,RO,CUST-1052,MAT-CG-10051,138,4244291.76,2026-10-02,PL-CHE,A,2025-09-06
SO-98256603,OR,CUST-1019,MAT-CG-10033,41,697246.64,2026-11-07,PL-MUM,C,2025-09-30
SO-91698732,OR,CUST-1091,MAT-CG-10024,65,2295895.27,2026-12-21,PL-KOL,B,2025-12-09
SO-67413657,RO,CUST-1092,MAT-CG-10019,72,6947199.32,2026-10-28,PL-CHE,C,2026-07-10
SO-51974837,OR,CUST-1082,MAT-CG-10020,106,11944340.95,2026-10-31,PL-DEL,A,2025-11-02
SO-48366253,RO,CUST-1064,MAT-CG-10004,23,251181.92,2026-09-02,PL-AHM,C,2025-12-06
SO-74378331,OR,CUST-1066,MAT-CG-10047,36,293474.15,2027-02-20,PL-NGP,C,2026-06-21
SO-92716588,OR,CUST-1096,MAT-CG-10026,5,457247.56,2026-12-17,PL-NGP,C,2026-02-28
SO-91764582,OR,CUST-1078,MAT-CG-10016,137,6613385.63,2026-10-13,PL-NGP,A,2026-05-26
SO-27893746,RO,CUST-1046,MAT-CG-10005,95,1746643.69,2026-12-17,PL-PUN,B,2026-05-28
SO-55360034,CS,CUST-1032,MAT-CG-10024,30,1115061.85,2026-09-30,PL-CHE,A,2025-12-19
SO-38597227,OR,CUST-1095,MAT-CG-10019,69,6437781.97,2026-12-09,PL-HYD,A,2025-09-28
SO-72150455,RO,CUST-1063,MAT-CG-10033,11,178566.08,2026-09-01,PL-JAI,B,2026-03-08
SO-24383316,OR,CUST-1045,MAT-CG-10020,92,11607903.68,2026-10-17,PL-AHM,A,2026-08-19
SO-76041312,OR,CUST-1011,MAT-CG-10007,112,3312024.85,2026-10-09,PL-AHM,A,2025-12-17
SO-98131849,OR,CUST-1029,MAT-CG-10001,41,160351.06,2026-12-04,PL-CHE,A,2026-01-16
SO-46169218,OR,CUST-1057,MAT-CG-10012,139,13942842.18,2026-12-21,PL-BLR,A,2026-02-23
SO-10779834,OR,CUST-1091,MAT-CG-10048,113,1214705.34,2026-10-18,PL-CHE,A,2026-06-16
SO-54454724,OR,CUST-1021,MAT-CG-10026,109,10948362.84,2026-12-31,PL-CHE,A,2026-01-20
SO-76513956,CS,CUST-1092,MAT-CG-10032,142,3524988.08,2026-12-11,PL-NGP,C,2026-02-05
SO-24479352,OR,CUST-1017,MAT-CG-10009,30,1522276.98,2027-01-06,PL-MUM,C,2026-04-24
SO-67668666,RO,CUST-1095,MAT-CG-10004,89,868256.42,2026-12-31,PL-CHE,A,2025-12-18
SO-43252079,RO,CUST-1020,MAT-CG-10006,111,2570233.37,2026-10-17,PL-HYD,A,2026-06-26
SO-99433358,OR,CUST-1026,MAT-CG-10017,65,4057144.42,2026-09-26,PL-NGP,B,2026-05-23
SO-40787425,OR,CUST-1017,MAT-CG-10013,40,811506.79,2026-11-09,PL-HYD,A,2026-01-17
SO-22205146,OR,CUST-1049,MAT-CG-10002,53,283714.41,2026-11-17,PL-HYD,A,2026-03-04
SO-18234220,RO,CUST-1055,MAT-CG-10028,124,804162.8,2026-11-16,PL-DEL,A,2026-02-18
SO-66112969,OR,CUST-1041,MAT-CG-10018,91,7539764.97,2026-10-16,PL-MUM,A,2026-07-28
SO-38451145,OR,CUST-1061,MAT-CG-10043,84,365468.83,2027-02-02,PL-DEL,B,2026-05-21
SO-58799048,OR,CUST-1039,MAT-CG-10017,127,7526199.61,2027-02-18,PL-MUM,C,2025-11-14
SO-54454486,OR,CUST-1095,MAT-CG-10050,35,819255.85,2027-01-28,PL-NGP,B,2026-02-14
SO-38190192,RO,CUST-1050,MAT-CG-10016,72,3299737.16,2026-09-27,PL-BLR,C,2025-10-19
SO-88726945,CS,CUST-1025,MAT-CG-10008,12,472602.54,2026-12-23,PL-DEL,A,2025-11-17
SO-50463479,CS,CUST-1061,MAT-CG-10040,89,4621769.79,2026-10-21,PL-NGP,C,2026-06-06
SO-35730441,OR,CUST-1071,MAT-CG-10003,34,274892.4,2027-01-21,PL-KOL,A,2026-01-06
SO-68535809,OR,CUST-1062,MAT-CG-10041,32,2307478.47,2027-01-06,PL-MUM,A,2025-10-21
SO-48877018,OR,CUST-1073,MAT-CG-10018,35,2581035.23,2027-02-24,PL-HYD,C,2026-02-01
SO-78919151,OR,CUST-1022,MAT-CG-10032,138,3581568.04,2027-01-08,PL-AHM,B,2026-02-05
SO-37772949,OR,CUST-1001,MAT-CG-10026,71,6640916.96,2026-10-25,PL-JAI,C,2026-08-19
SO-71128254,RO,CUST-1091,MAT-CG-10051,133,4229570.85,2026-11-05,PL-CHE,A,2026-03-25
SO-84108442,OR,CUST-1022,MAT-CG-10046,70,723784.22,2027-01-14,PL-HYD,A,2026-08-03
SO-47279846,OR,CUST-1035,MAT-CG-10041,39,2991927.98,2026-09-13,PL-HYD,A,2025-11-23
SO-97059725,OR,CUST-1081,MAT-CG-10008,2,83483.03,2026-12-03,PL-KOL,A,2025-11-15
SO-64806853,RO,CUST-1038,MAT-CG-10017,36,2200232.59,2026-09-14,PL-MUM,A,2026-05-03
SO-33721002,OR,CUST-1003,MAT-CG-10047,73,583183.46,2027-01-27,PL-DEL,C,2025-09-05
SO-94051119,CS,CUST-1078,MAT-CG-10025,67,3911465.03,2026-12-22,PL-HYD,A,2026-04-08
SO-94530413,OR,CUST-1020,MAT-CG-10014,150,4106343.66,2026-12-20,PL-KOL,A,2025-12-21
SO-34362335,OR,CUST-1024,MAT-CG-10006,128,2998357.21,2026-10-15,PL-HYD,B,2025-12-15
SO-96914605,OR,CUST-1003,MAT-CG-10047,48,371410.9,2026-10-15,PL-AHM,C,2025-10-16
SO-29263245,OR,CUST-1055,MAT-CG-10013,19,376987.09,2027-02-12,PL-AHM,A,2025-11-27
SO-90972685,OR,CUST-1049,MAT-CG-10009,5,262176.85,2026-09-28,PL-MUM,C,2026-08-01
SO-21220004,OR,CUST-1019,MAT-CG-10009,65,3675425.92,2027-01-31,PL-MUM,A,2026-06-30
SO-21403835,OR,CUST-1018,MAT-CG-10035,88,3774579.08,2027-01-22,PL-PUN,A,2026-03-19
SO-30738427,OR,CUST-1008,MAT-CG-10022,124,25661162.16,2026-11-07,PL-NGP,A,2026-08-13
SO-83100625,OR,CUST-1014,MAT-CG-10003,28,220264.92,2026-12-15,PL-BLR,A,2026-05-01
SO-67329147,OR,CUST-1019,MAT-CG-10002,60,318743.74,2026-11-12,PL-HYD,C,2026-02-08
SO-76011040,OR,CUST-1015,MAT-CG-10044,30,167248.95,2026-11-11,PL-KOL,A,2025-10-12
SO-58384619,OR,CUST-1006,MAT-CG-10022,32,6678044.24,2026-10-15,PL-AHM,B,2026-03-05
SO-67075357,OR,CUST-1086,MAT-CG-10039,48,1657723.78,2027-02-06,PL-CHE,A,2026-07-01
SO-98816127,OR,CUST-1034,MAT-CG-10018,129,10569364.23,2026-09-19,PL-MUM,A,2025-09-22
SO-29834720,OR,CUST-1058,MAT-CG-10010,83,5439544.13,2026-12-31,PL-DEL,A,2025-11-01
SO-29416986,OR,CUST-1042,MAT-CG-10028,73,496062.61,2026-10-16,PL-AHM,A,2026-03-13
SO-74597455,CS,CUST-1053,MAT-CG-10032,110,2920537.94,2027-02-09,PL-KOL,A,2025-09-23
SO-66191544,RO,CUST-1064,MAT-CG-10016,100,4888193.13,2027-01-04,PL-NGP,B,2026-04-28
SO-87975659,CS,CUST-1054,MAT-CG-10025,23,1338305.24,2027-02-24,PL-HYD,C,2026-07-10
SO-10384682,OR,CUST-1003,MAT-CG-10016,94,4482842.47,2026-12-30,PL-BLR,A,2026-07-24
SO-28703143,OR,CUST-1059,MAT-CG-10023,94,25897832.07,2027-01-19,PL-AHM,A,2026-05-08
SO-28495379,OR,CUST-1090,MAT-CG-10015,16,584601.22,2026-12-05,PL-MUM,C,2026-01-18
SO-24228398,CS,CUST-1075,MAT-CG-10024,15,501366.38,2027-01-30,PL-BLR,A,2026-06-09
SO-20602300,OR,CUST-1010,MAT-CG-10024,38,1258622.31,2026-12-15,PL-BLR,A,2025-12-26
SO-80793145,CS,CUST-1039,MAT-CG-10048,37,413419.05,2026-11-25,PL-PUN,C,2025-09-02
SO-24933959,OR,CUST-1008,MAT-CG-10001,75,310133.38,2026-09-08,PL-JAI,A,2025-12-09
SO-63202657,OR,CUST-1088,MAT-CG-10011,4,325793.04,2026-12-25,PL-NGP,C,2026-04-13
SO-51075182,CS,CUST-1030,MAT-CG-10037,130,11785482.69,2026-10-10,PL-CHE,A,2025-11-29
SO-38435937,OR,CUST-1080,MAT-CG-10025,34,1849305.37,2026-12-09,PL-BLR,C,2025-11-10
SO-72872428,OR,CUST-1041,MAT-CG-10039,21,721867.35,2026-12-12,PL-AHM,A,2026-07-27
SO-36136297,OR,CUST-1014,MAT-CG-10024,110,3693330.99,2026-12-01,PL-JAI,A,2026-08-09
SO-31845331,RO,CUST-1014,MAT-CG-10016,74,3380435.26,2027-01-30,PL-MUM,A,2026-05-19
SO-95683115,OR,CUST-1031,MAT-CG-10036,53,3069732.33,2027-01-23,PL-JAI,A,2025-11-08
SO-16131148,OR,CUST-1041,MAT-CG-10051,125,3638734.36,2026-11-18,PL-MUM,A,2026-04-01
SO-36156848,OR,CUST-1097,MAT-CG-10026,130,12568693.0,2026-11-30,PL-BLR,C,2025-09-12
SO-64665076,CS,CUST-1065,MAT-CG-10007,86,2392400.19,2026-10-08,PL-MUM,B,2026-02-09
SO-48939164,OR,CUST-1020,MAT-CG-10031,11,208806.74,2026-09-20,PL-DEL,C,2026-04-27
SO-31615365,RO,CUST-1067,MAT-CG-10014,38,1119874.8,2027-02-02,PL-NGP,A,2026-01-06
SO-55502589,OR,CUST-1047,MAT-CG-10051,35,1098464.14,2026-12-19,PL-MUM,C,2025-09-08
SO-38027431,RO,CUST-1078,MAT-CG-10025,63,3436302.63,2026-10-09,PL-JAI,C,2025-12-12
SO-29142470,OR,CUST-1071,MAT-CG-10007,5,154787.75,2026-09-22,PL-PUN,A,2026-01-03
SO-49675858,OR,CUST-1009,MAT-CG-10021,45,6444612.44,2026-12-02,PL-KOL,A,2026-07-18
SO-44620670,OR,CUST-1033,MAT-CG-10012,119,12110266.81,2026-12-22,PL-BLR,A,2025-11-05
SO-58784400,OR,CUST-1052,MAT-CG-10032,12,310186.57,2027-02-05,PL-BLR,B,2026-02-17
SO-60154896,OR,CUST-1088,MAT-CG-10033,82,1401276.04,2026-12-24,PL-CHE,C,2026-08-02
SO-42858752,CS,CUST-1072,MAT-CG-10040,16,724699.11,2026-09-26,PL-CHE,B,2026-06-03
SO-19795032,OR,CUST-1050,MAT-CG-10037,104,10025265.56,2027-02-18,PL-DEL,A,2025-12-28
SO-72391513,OR,CUST-1011,MAT-CG-10030,138,1664470.4,2026-09-27,PL-AHM,B,2026-05-13
SO-18653222,OR,CUST-1044,MAT-CG-10026,86,9025818.84,2027-01-02,PL-HYD,C,2025-12-23
SO-71012513,OR,CUST-1070,MAT-CG-10008,73,2859471.26,2026-12-29,PL-BLR,C,2026-05-06
SO-14204135,RO,CUST-1100,MAT-CG-10021,147,21354844.39,2026-12-01,PL-AHM,B,2026-05-06
SO-13079321,CS,CUST-1055,MAT-CG-10004,56,567666.34,2027-02-09,PL-BLR,A,2026-06-12
SO-64367371,OR,CUST-1039,MAT-CG-10005,72,1310143.03,2026-12-24,PL-AHM,B,2026-05-06
SO-34706569,OR,CUST-1012,MAT-CG-10043,68,321942.8,2026-12-18,PL-KOL,A,2026-05-31
SO-66250794,OR,CUST-1061,MAT-CG-10013,91,1881110.87,2026-10-11,PL-AHM,A,2025-09-03
SO-11332984,RO,CUST-1077,MAT-CG-10037,101,8866755.07,2027-02-17,PL-JAI,B,2026-06-10
SO-11904117,OR,CUST-1059,MAT-CG-10021,83,13001173.99,2027-01-05,PL-KOL,A,2025-09-12
SO-79886056,CS,CUST-1001,MAT-CG-10027,69,10196386.04,2026-10-02,PL-PUN,C,2025-10-31
SO-39343051,CS,CUST-1025,MAT-CG-10007,11,320381.83,2027-01-17,PL-BLR,B,2026-02-11
SO-38153923,OR,CUST-1087,MAT-CG-10014,91,2536822.26,2026-09-03,PL-KOL,A,2026-08-15
SO-77388734,OR,CUST-1090,MAT-CG-10020,80,9573242.74,2026-12-25,PL-AHM,B,2026-02-24
SO-67156511,RO,CUST-1098,MAT-CG-10023,140,39652733.76,2026-10-15,PL-PUN,B,2026-02-13
SO-89845027,OR,CUST-1070,MAT-CG-10012,143,13913858.48,2026-11-11,PL-AHM,C,2026-03-31
SO-21760181,OR,CUST-1012,MAT-CG-10045,27,216469.53,2027-02-04,PL-AHM,A,2025-12-12
SO-23381785,CS,CUST-1057,MAT-CG-10048,141,1582759.4,2026-09-08,PL-CHE,B,2026-05-07
SO-84032876,OR,CUST-1015,MAT-CG-10015,118,4015075.97,2026-12-29,PL-DEL,A,2025-12-29
SO-11020743,OR,CUST-1029,MAT-CG-10027,103,14268123.42,2026-11-07,PL-CHE,A,2026-01-23
SO-10558017,OR,CUST-1005,MAT-CG-10044,63,340610.59,2026-10-09,PL-KOL,B,2025-10-20
SO-32872143,RO,CUST-1056,MAT-CG-10021,87,12391167.36,2026-12-09,PL-HYD,B,2025-09-28
SO-87558199,OR,CUST-1017,MAT-CG-10026,15,1562590.45,2026-12-08,PL-BLR,B,2026-03-14
SO-68707047,OR,CUST-1013,MAT-CG-10034,42,1131668.6,2026-10-02,PL-NGP,A,2025-10-04
SO-94197247,OR,CUST-1071,MAT-CG-10037,102,8903206.41,2026-11-21,PL-HYD,A,2026-07-07
SO-11548620,CS,CUST-1099,MAT-CG-10002,113,620747.34,2026-09-07,PL-JAI,C,2025-11-18
SO-61325510,OR,CUST-1096,MAT-CG-10006,148,3429249.95,2026-12-25,PL-KOL,A,2026-04-23
SO-49852264,OR,CUST-1069,MAT-CG-10042,58,181750.54,2026-12-05,PL-CHE,C,2026-07-28
SO-29296419,CS,CUST-1003,MAT-CG-10018,23,1841177.17,2027-01-26,PL-DEL,A,2025-12-31
SO-24371585,OR,CUST-1037,MAT-CG-10039,33,1074022.46,2026-10-16,PL-DEL,A,2025-12-13
SO-62452316,OR,CUST-1063,MAT-CG-10024,55,2034421.44,2026-12-14,PL-DEL,B,2025-10-07
SO-66358979,OR,CUST-1041,MAT-CG-10005,55,969028.06,2026-12-24,PL-BLR,A,2026-03-24
SO-98538924,RO,CUST-1081,MAT-CG-10001,47,187305.98,2026-09-08,PL-DEL,A,2026-02-27
SO-10673042,OR,CUST-1067,MAT-CG-10031,141,2698053.0,2026-10-01,PL-HYD,B,2026-08-08
SO-79524101,RO,CUST-1098,MAT-CG-10035,7,286517.2,2026-12-02,PL-DEL,A,2026-08-08
SO-39495837,OR,CUST-1094,MAT-CG-10021,37,5611623.48,2026-10-02,PL-CHE,A,2025-12-20
SO-56782042,CS,CUST-1071,MAT-CG-10013,25,525112.6,2026-12-28,PL-PUN,B,2025-12-04
SO-43566934,OR,CUST-1026,MAT-CG-10026,51,5137145.05,2026-11-10,PL-AHM,A,2025-10-29
SO-32233584,OR,CUST-1093,MAT-CG-10051,81,2495026.67,2026-12-23,PL-AHM,B,2026-04-06
SO-91509842,OR,CUST-1055,MAT-CG-10021,29,4105305.68,2026-11-29,PL-KOL,C,2026-07-22
SO-14531191,RO,CUST-1033,MAT-CG-10029,44,383059.41,2026-11-14,PL-JAI,C,2025-11-25
SO-14018472,OR,CUST-1024,MAT-CG-10023,103,31137346.07,2026-12-18,PL-BLR,A,2026-04-20
SO-98174955,OR,CUST-1048,MAT-CG-10005,57,937297.76,2026-11-19,PL-DEL,A,2026-03-13
SO-54140102,OR,CUST-1060,MAT-CG-10045,4,31710.71,2026-11-21,PL-HYD,B,2026-07-21
SO-90772485,OR,CUST-1068,MAT-CG-10025,74,4121263.88,2027-01-21,PL-CHE,C,2025-10-16
SO-87034049,CS,CUST-1054,MAT-CG-10043,21,96634.66,2026-12-20,PL-KOL,A,2026-05-14
SO-76294734,OR,CUST-1006,MAT-CG-10013,14,307610.0,2026-12-16,PL-DEL,A,2026-01-04
SO-89345641,OR,CUST-1031,MAT-CG-10011,85,6586188.56,2026-11-11,PL-MUM,C,2025-11-02
SO-48166934,OR,CUST-1052,MAT-CG-10001,120,440904.78,2027-01-14,PL-NGP,A,2026-03-04
SO-19321973,OR,CUST-1013,MAT-CG-10042,6,18775.31,2026-12-15,PL-CHE,A,2026-03-14
SO-63733308,OR,CUST-1072,MAT-CG-10049,90,1441489.12,2027-01-04,PL-JAI,A,2026-02-03
SO-76214520,CS,CUST-1016,MAT-CG-10020,118,14795875.89,2027-02-05,PL-DEL,A,2026-05-01
SO-28620619,OR,CUST-1042,MAT-CG-10004,4,43992.73,2026-12-20,PL-HYD,A,2026-07-09
SO-82149862,OR,CUST-1089,MAT-CG-10013,96,2075762.16,2026-11-05,PL-MUM,A,2026-07-30
SO-45396856,OR,CUST-1089,MAT-CG-10020,21,2552679.58,2026-12-06,PL-CHE,C,2026-05-28
SO-26092896,OR,CUST-1041,MAT-CG-10009,119,6661220.3,2027-01-27,PL-AHM,C,2026-01-07
SO-80029938,RO,CUST-1031,MAT-CG-10043,33,149707.8,2027-02-16,PL-PUN,A,2026-03-12
SO-40310459,OR,CUST-1034,MAT-CG-10050,125,2908818.77,2026-09-21,PL-KOL,B,2026-04-21
SO-20471228,OR,CUST-1064,MAT-CG-10043,54,227534.75,2026-09-03,PL-HYD,B,2026-02-07
SO-24030412,OR,CUST-1027,MAT-CG-10013,126,2704971.39,2027-01-13,PL-NGP,A,2026-03-17
SO-97951446,OR,CUST-1065,MAT-CG-10046,118,1199229.56,2026-10-03,PL-HYD,A,2026-02-07
SO-37248980,OR,CUST-1025,MAT-CG-10029,133,1075450.32,2026-12-17,PL-BLR,C,2026-03-19
SO-29768893,OR,CUST-1014,MAT-CG-10037,28,2653045.67,2026-10-31,PL-MUM,B,2026-05-20
SO-73919907,CS,CUST-1068,MAT-CG-10018,9,702205.55,2026-11-06,PL-DEL,B,2026-07-11
SO-38463020,OR,CUST-1051,MAT-CG-10023,112,32473086.55,2027-01-08,PL-KOL,A,2026-01-10
SO-23128198,OR,CUST-1084,MAT-CG-10018,96,7416686.02,2026-12-17,PL-HYD,A,2026-05-19
SO-89731929,OR,CUST-1068,MAT-CG-10026,47,4683158.35,2027-01-10,PL-AHM,A,2025-09-09
SO-24909280,OR,CUST-1015,MAT-CG-10004,65,638388.96,2026-09-09,PL-JAI,A,2026-04-23
SO-23560284,OR,CUST-1029,MAT-CG-10005,138,2514036.21,2027-02-26,PL-AHM,B,2026-02-03
SO-46006180,OR,CUST-1027,MAT-CG-10007,58,1630111.13,2026-10-22,PL-KOL,C,2026-03-29
SO-10416997,OR,CUST-1024,MAT-CG-10046,75,806800.8,2027-02-26,PL-JAI,B,2026-03-20
SO-32848229,OR,CUST-1088,MAT-CG-10045,63,465182.2,2026-10-17,PL-KOL,B,2026-06-12
SO-67434792,OR,CUST-1003,MAT-CG-10001,123,461363.56,2026-11-06,PL-DEL,A,2025-09-10
SO-89726022,OR,CUST-1061,MAT-CG-10049,4,62423.5,2027-01-03,PL-HYD,B,2026-06-28
SO-86137251,CS,CUST-1038,MAT-CG-10003,6,49321.27,2027-01-12,PL-NGP,A,2026-06-09
SO-23420761,OR,CUST-1095,MAT-CG-10050,26,570110.15,2027-01-03,PL-KOL,B,2026-04-14
SO-44029139,OR,CUST-1059,MAT-CG-10043,126,527242.22,2026-11-29,PL-CHE,C,2026-03-06
SO-25134534,OR,CUST-1088,MAT-CG-10034,125,3281285.55,2027-02-10,PL-MUM,A,2026-01-25
SO-57941821,OR,CUST-1004,MAT-CG-10015,38,1302152.72,2027-02-25,PL-AHM,A,2026-05-10
SO-36017047,OR,CUST-1082,MAT-CG-10048,24,254600.96,2026-11-09,PL-NGP,B,2025-11-27
SO-56821190,OR,CUST-1051,MAT-CG-10012,69,6858038.89,2026-11-09,PL-CHE,A,2026-08-02
SO-56073515,RO,CUST-1016,MAT-CG-10038,135,2751258.76,2026-12-25,PL-JAI,A,2026-03-29
SO-76964850,CS,CUST-1019,MAT-CG-10008,4,163789.34,2026-10-08,PL-NGP,A,2025-10-08
SO-50754622,OR,CUST-1037,MAT-CG-10036,43,2417357.2,2026-11-14,PL-MUM,B,2026-08-03
SO-89600725,OR,CUST-1007,MAT-CG-10014,74,2037803.51,2026-09-01,PL-AHM,A,2025-09-19
SO-43746828,OR,CUST-1045,MAT-CG-10001,14,57872.95,2027-01-06,PL-NGP,A,2026-07-10
SO-29145387,CS,CUST-1026,MAT-CG-10046,71,756215.03,2026-09-20,PL-CHE,A,2026-08-07
SO-43383774,CS,CUST-1082,MAT-CG-10031,92,1676256.92,2026-12-11,PL-DEL,A,2026-03-22
SO-33260196,RO,CUST-1056,MAT-CG-10039,81,2794286.21,2026-11-21,PL-JAI,A,2025-09-08
SO-43557176,OR,CUST-1054,MAT-CG-10050,53,1198296.36,2026-11-16,PL-CHE,A,2026-03-24
SO-83260153,OR,CUST-1049,MAT-CG-10037,120,11427341.88,2026-12-20,PL-DEL,A,2025-11-27
SO-77620927,CS,CUST-1092,MAT-CG-10029,82,691394.53,2026-11-29,PL-AHM,B,2026-01-20
SO-13714198,RO,CUST-1004,MAT-CG-10027,120,17661856.96,2026-12-16,PL-DEL,A,2025-10-13
SO-87889556,RO,CUST-1048,MAT-CG-10020,64,7262582.64,2027-01-17,PL-JAI,A,2026-07-27
SO-26902822,OR,CUST-1086,MAT-CG-10049,102,1465512.42,2027-01-10,PL-PUN,A,2026-07-11
SO-97225409,OR,CUST-1043,MAT-CG-10004,71,753264.46,2026-11-13,PL-JAI,B,2025-09-04
SO-26299760,CS,CUST-1075,MAT-CG-10022,17,3581699.6,2026-09-13,PL-HYD,B,2026-06-11
SO-28307667,OR,CUST-1087,MAT-CG-10036,128,7808260.97,2026-10-09,PL-CHE,C,2026-03-17
SO-75089577,RO,CUST-1089,MAT-CG-10047,3,22850.32,2026-09-17,PL-MUM,A,2025-10-18
SO-23000817,OR,CUST-1027,MAT-CG-10008,135,5247805.34,2026-09-06,PL-NGP,B,2026-02-04
SO-50255085,OR,CUST-1062,MAT-CG-10004,33,368768.59,2026-10-30,PL-NGP,A,2025-10-14
SO-98336648,RO,CUST-1016,MAT-CG-10044,114,654642.39,2027-02-09,PL-MUM,A,2026-06-12
SO-32921098,RO,CUST-1095,MAT-CG-10048,63,726479.5,2026-10-21,PL-PUN,B,2026-03-28
SO-89022539,OR,CUST-1048,MAT-CG-10019,27,2531695.33,2026-12-09,PL-AHM,C,2026-06-30
SO-67020114,OR,CUST-1004,MAT-CG-10030,108,1322179.85,2026-09-30,PL-JAI,B,2026-08-18
SO-14574615,CS,CUST-1084,MAT-CG-10038,79,1713874.35,2027-02-05,PL-PUN,A,2026-02-23
SO-71518719,OR,CUST-1002,MAT-CG-10009,121,6880640.17,2026-11-30,PL-NGP,B,2026-05-08
SO-62428709,RO,CUST-1009,MAT-CG-10023,136,37635582.49,2026-10-08,PL-KOL,C,2025-11-08
SO-28795756,OR,CUST-1098,MAT-CG-10022,119,25017548.12,2026-12-09,PL-DEL,C,2025-12-19
SO-91314709,CS,CUST-1024,MAT-CG-10025,122,7147110.62,2027-01-07,PL-NGP,A,2026-06-18
SO-89034390,RO,CUST-1045,MAT-CG-10045,84,667486.39,2026-12-12,PL-DEL,A,2026-08-08
SO-41098826,OR,CUST-1086,MAT-CG-10047,42,315519.69,2027-02-20,PL-PUN,A,2026-04-27
SO-24150817,OR,CUST-1094,MAT-CG-10050,62,1467199.95,2026-12-16,PL-DEL,A,2025-10-14
SO-15022195,CS,CUST-1010,MAT-CG-10017,31,1926207.1,2026-12-04,PL-JAI,C,2026-08-08
SO-24450015,CS,CUST-1058,MAT-CG-10012,84,8106389.35,2027-02-10,PL-JAI,B,2026-05-13
SO-75914731,OR,CUST-1087,MAT-CG-10013,66,1317242.22,2026-10-21,PL-BLR,B,2025-11-26
SO-21545180,RO,CUST-1004,MAT-CG-10051,51,1601854.22,2027-02-18,PL-DEL,A,2026-08-06
SO-58259460,OR,CUST-1073,MAT-CG-10009,3,160920.49,2026-09-18,PL-KOL,A,2025-09-08
SO-76595544,OR,CUST-1027,MAT-CG-10047,137,1099460.47,2026-12-30,PL-NGP,A,2026-02-22
SO-28505072,OR,CUST-1057,MAT-CG-10040,145,6978847.02,2026-12-05,PL-DEL,B,2026-07-14
SO-50027348,OR,CUST-1016,MAT-CG-10009,134,7140251.33,2026-09-13,PL-JAI,B,2026-03-07
SO-48909246,OR,CUST-1050,MAT-CG-10002,59,328999.82,2026-09-17,PL-BLR,A,2026-07-16
SO-42399944,RO,CUST-1079,MAT-CG-10035,149,6408531.89,2026-12-11,PL-JAI,A,2025-11-17
SO-88218402,OR,CUST-1034,MAT-CG-10045,30,240639.88,2026-09-08,PL-KOL,B,2026-04-12
SO-17971455,OR,CUST-1027,MAT-CG-10013,87,1801306.27,2026-11-23,PL-MUM,A,2025-12-14
SO-91873043,CS,CUST-1098,MAT-CG-10005,146,2633403.08,2026-11-27,PL-DEL,B,2025-10-21
SO-84011044,OR,CUST-1017,MAT-CG-10048,22,238963.85,2026-09-10,PL-DEL,A,2025-12-12
SO-97286750,OR,CUST-1056,MAT-CG-10033,59,1017373.0,2026-10-28,PL-MUM,A,2026-08-10
SO-81697212,RO,CUST-1049,MAT-CG-10050,52,1196398.14,2026-09-04,PL-NGP,B,2026-07-28
SO-26809078,OR,CUST-1090,MAT-CG-10025,98,5623267.31,2026-10-05,PL-DEL,B,2026-06-24
SO-57216333,OR,CUST-1044,MAT-CG-10040,96,4626327.15,2026-09-14,PL-HYD,A,2026-07-07
SO-40484320,OR,CUST-1096,MAT-CG-10038,4,85169.39,2027-01-15,PL-JAI,A,2026-08-16
SO-17634795,OR,CUST-1008,MAT-CG-10047,65,489776.37,2026-10-16,PL-CHE,A,2026-03-16
SO-49246971,OR,CUST-1078,MAT-CG-10023,64,18286853.86,2027-02-15,PL-DEL,C,2026-07-15
SO-82966957,OR,CUST-1064,MAT-CG-10005,66,1174215.16,2026-11-30,PL-HYD,B,2026-03-22
SO-49283302,CS,CUST-1032,MAT-CG-10024,143,5099753.27,2026-11-07,PL-KOL,C,2025-11-19
SO-17247426,OR,CUST-1053,MAT-CG-10033,28,498168.48,2027-02-06,PL-PUN,A,2026-07-14
SO-79926758,OR,CUST-1040,MAT-CG-10014,37,1054878.13,2026-10-23,PL-DEL,A,2026-06-12
SO-69093033,CS,CUST-1098,MAT-CG-10003,62,483817.57,2026-09-29,PL-MUM,B,2026-08-06
SO-88952257,OR,CUST-1039,MAT-CG-10018,73,5994233.89,2026-09-21,PL-MUM,A,2025-10-15
SO-12529799,OR,CUST-1050,MAT-CG-10025,128,7362406.28,2026-10-27,PL-HYD,B,2026-05-21
SO-81469858,OR,CUST-1085,MAT-CG-10043,112,489038.19,2027-01-16,PL-KOL,A,2025-10-16
SO-45236547,RO,CUST-1028,MAT-CG-10049,88,1406178.93,2026-11-26,PL-JAI,B,2026-01-17
SO-24657945,RO,CUST-1050,MAT-CG-10051,16,524737.79,2027-02-20,PL-CHE,B,2025-12-29
SO-86276344,RO,CUST-1034,MAT-CG-10028,148,896834.59,2026-12-06,PL-PUN,C,2026-04-24
SO-47674933,CS,CUST-1036,MAT-CG-10009,5,251119.14,2026-11-02,PL-NGP,A,2026-03-04
SO-15181637,RO,CUST-1036,MAT-CG-10037,103,9256403.24,2027-02-15,PL-CHE,C,2025-10-16
SO-51190770,RO,CUST-1085,MAT-CG-10001,33,126365.59,2026-11-06,PL-BLR,B,2025-12-30
SO-11190605,OR,CUST-1005,MAT-CG-10002,114,658267.65,2026-12-31,PL-NGP,A,2026-01-26
SO-20676603,OR,CUST-1079,MAT-CG-10004,150,1582036.21,2026-09-16,PL-PUN,A,2026-04-13
SO-44834976,OR,CUST-1017,MAT-CG-10050,72,1554447.39,2026-10-14,PL-BLR,B,2025-09-22
SO-25360757,CS,CUST-1005,MAT-CG-10004,61,610748.84,2027-01-07,PL-PUN,B,2026-03-14
SO-40595256,OR,CUST-1092,MAT-CG-10003,143,1199946.24,2026-11-04,PL-MUM,C,2026-02-24
SO-90608327,OR,CUST-1045,MAT-CG-10035,13,528746.37,2027-01-07,PL-PUN,A,2025-12-05
SO-37386042,OR,CUST-1074,MAT-CG-10005,62,1053263.39,2027-02-21,PL-AHM,A,2025-09-29
SO-29203803,OR,CUST-1042,MAT-CG-10028,74,477489.34,2026-12-01,PL-KOL,B,2025-09-24
SO-49468472,RO,CUST-1004,MAT-CG-10024,122,4129937.33,2026-09-11,PL-CHE,A,2025-10-25
SO-91743716,OR,CUST-1041,MAT-CG-10002,29,157503.07,2027-01-08,PL-JAI,C,2026-02-28
SO-88206824,OR,CUST-1085,MAT-CG-10014,98,2788120.21,2026-12-06,PL-DEL,A,2026-05-01
SO-87099930,CS,CUST-1071,MAT-CG-10037,130,12299370.06,2027-01-15,PL-DEL,B,2026-07-28
SO-98476025,RO,CUST-1067,MAT-CG-10039,122,4072843.3,2026-11-07,PL-HYD,B,2026-03-26
SO-42624751,OR,CUST-1030,MAT-CG-10016,86,4155636.2,2026-09-29,PL-HYD,B,2026-01-26
SO-57242574,RO,CUST-1065,MAT-CG-10024,22,735627.91,2026-12-01,PL-PUN,B,2026-04-28
SO-40838308,RO,CUST-1017,MAT-CG-10029,109,993116.16,2026-11-01,PL-AHM,C,2025-10-28
SO-91274963,OR,CUST-1037,MAT-CG-10043,37,162398.21,2026-09-30,PL-DEL,B,2026-01-20
SO-87310988,OR,CUST-1081,MAT-CG-10033,39,710379.78,2026-10-20,PL-BLR,B,2026-08-16
SO-66186977,OR,CUST-1098,MAT-CG-10011,32,2472057.91,2026-12-29,PL-DEL,A,2026-08-06
SO-32405721,OR,CUST-1017,MAT-CG-10028,8,50969.35,2027-01-13,PL-AHM,B,2026-02-23
SO-84751326,OR,CUST-1092,MAT-CG-10009,104,5383459.53,2026-11-25,PL-KOL,B,2025-10-16
SO-16071701,OR,CUST-1095,MAT-CG-10040,29,1492458.68,2026-12-23,PL-AHM,C,2026-01-05
SO-48827999,OR,CUST-1090,MAT-CG-10048,113,1203448.26,2026-10-16,PL-JAI,B,2026-07-12
SO-89665373,RO,CUST-1048,MAT-CG-10010,3,195352.02,2026-12-25,PL-AHM,A,2026-01-11
SO-88930879,OR,CUST-1099,MAT-CG-10012,132,12232791.9,2026-11-15,PL-PUN,A,2026-07-30
SO-80490297,RO,CUST-1066,MAT-CG-10037,134,12865794.73,2026-12-18,PL-CHE,A,2026-02-08
SO-29219517,OR,CUST-1095,MAT-CG-10021,47,7312456.03,2026-10-23,PL-AHM,B,2026-04-03
SO-23350172,OR,CUST-1037,MAT-CG-10037,82,7164311.21,2026-11-12,PL-CHE,B,2026-01-11
SO-48718971,OR,CUST-1078,MAT-CG-10015,45,1655196.12,2026-10-29,PL-CHE,A,2026-07-05
SO-78276312,OR,CUST-1004,MAT-CG-10014,143,3998255.91,2026-09-10,PL-NGP,B,2026-05-16
SO-13459771,OR,CUST-1027,MAT-CG-10001,127,483601.18,2027-01-24,PL-AHM,C,2026-01-08
SO-70914632,OR,CUST-1015,MAT-CG-10034,34,916883.21,2026-09-30,PL-PUN,B,2025-12-14
SO-28363405,OR,CUST-1094,MAT-CG-10017,24,1538748.3,2026-11-29,PL-DEL,C,2026-05-02
SO-53904728,OR,CUST-1065,MAT-CG-10047,21,163076.5,2026-12-25,PL-NGP,C,2026-07-17
SO-15148168,OR,CUST-1013,MAT-CG-10046,82,934708.99,2027-01-11,PL-KOL,A,2025-11-11
SO-95160766,CS,CUST-1002,MAT-CG-10043,11,47623.95,2027-01-28,PL-AHM,A,2025-09-13
SO-73097822,OR,CUST-1063,MAT-CG-10013,69,1481268.88,2027-01-05,PL-CHE,A,2026-05-14
SO-79297448,CS,CUST-1096,MAT-CG-10041,24,1680765.05,2026-12-20,PL-DEL,B,2025-11-11
SO-33906194,OR,CUST-1054,MAT-CG-10040,55,2743991.58,2027-02-04,PL-AHM,C,2025-10-29
SO-74992661,RO,CUST-1085,MAT-CG-10016,91,4703908.85,2026-11-15,PL-HYD,A,2025-09-15
SO-94560859,OR,CUST-1077,MAT-CG-10032,127,3258813.07,2027-01-01,PL-CHE,A,2026-05-03
SO-66316956,OR,CUST-1042,MAT-CG-10008,75,2977132.99,2026-12-17,PL-DEL,A,2025-12-29
SO-56651206,CS,CUST-1051,MAT-CG-10021,31,4710046.32,2027-01-01,PL-PUN,B,2026-01-25
SO-13887287,OR,CUST-1035,MAT-CG-10044,62,359788.16,2026-12-13,PL-MUM,B,2026-03-11
SO-65194233,OR,CUST-1057,MAT-CG-10017,83,5145459.32,2026-11-05,PL-MUM,A,2025-12-18
SO-55612761,CS,CUST-1006,MAT-CG-10047,58,448682.45,2026-12-13,PL-HYD,B,2026-05-30
SO-93924534,OR,CUST-1079,MAT-CG-10035,54,2358303.84,2026-10-03,PL-JAI,B,2026-08-13
SO-60893769,OR,CUST-1100,MAT-CG-10047,7,57216.09,2026-11-29,PL-NGP,A,2025-09-22
SO-38247918,OR,CUST-1069,MAT-CG-10004,134,1344412.4,2026-10-10,PL-NGP,B,2026-04-28
SO-60181317,OR,CUST-1053,MAT-CG-10019,43,3784298.26,2026-11-02,PL-MUM,A,2026-08-13
SO-23760099,RO,CUST-1051,MAT-CG-10049,136,2183130.71,2026-09-10,PL-BLR,A,2026-03-22
SO-94765944,CS,CUST-1032,MAT-CG-10002,60,304288.12,2026-10-01,PL-AHM,C,2026-01-30
SO-21397317,OR,CUST-1010,MAT-CG-10009,71,3786317.58,2026-12-15,PL-MUM,A,2025-11-19
SO-22825399,CS,CUST-1076,MAT-CG-10039,40,1401178.47,2026-10-19,PL-JAI,A,2026-03-11
SO-13144983,OR,CUST-1036,MAT-CG-10028,133,840782.45,2026-09-25,PL-CHE,C,2025-11-01
SO-49089390,OR,CUST-1012,MAT-CG-10031,98,1744211.75,2026-12-13,PL-NGP,A,2025-12-19
SO-77993829,OR,CUST-1049,MAT-CG-10019,138,11796141.7,2027-01-05,PL-AHM,A,2025-11-17
SO-70702699,OR,CUST-1074,MAT-CG-10046,29,332424.39,2026-12-10,PL-HYD,B,2026-02-15
SO-24622813,CS,CUST-1040,MAT-CG-10031,146,2639926.58,2027-02-08,PL-DEL,A,2025-11-09
SO-75741381,RO,CUST-1032,MAT-CG-10011,55,3972883.99,2026-12-12,PL-JAI,B,2025-11-29
SO-41196194,OR,CUST-1099,MAT-CG-10047,147,1167213.31,2026-12-14,PL-CHE,C,2026-03-04
SO-53143346,CS,CUST-1073,MAT-CG-10010,11,708980.51,2026-09-01,PL-CHE,C,2026-05-08
SO-75595812,RO,CUST-1064,MAT-CG-10049,145,2178830.86,2027-02-13,PL-HYD,A,2025-12-30
SO-79045775,RO,CUST-1095,MAT-CG-10046,125,1436146.16,2026-09-20,PL-DEL,B,2025-08-30
SO-27083565,OR,CUST-1021,MAT-CG-10005,98,1699854.43,2026-10-01,PL-BLR,A,2026-01-11
SO-66932774,OR,CUST-1022,MAT-CG-10008,11,460478.3,2027-01-12,PL-PUN,A,2025-11-16
SO-11242658,OR,CUST-1016,MAT-CG-10027,104,14262416.87,2026-11-14,PL-CHE,B,2026-03-11
SO-85673348,CS,CUST-1022,MAT-CG-10040,97,4481075.92,2027-01-11,PL-HYD,B,2026-02-14
SO-73365536,OR,CUST-1027,MAT-CG-10034,66,1832673.29,2026-10-04,PL-BLR,B,2025-12-24
SO-65875235,OR,CUST-1020,MAT-CG-10001,83,324603.82,2026-09-01,PL-CHE,C,2026-05-19
SO-82173099,OR,CUST-1043,MAT-CG-10013,26,504682.98,2027-02-06,PL-PUN,B,2026-06-04
SO-95408582,RO,CUST-1029,MAT-CG-10005,91,1540140.66,2026-09-03,PL-HYD,A,2026-03-31
SO-59294789,RO,CUST-1099,MAT-CG-10028,80,501799.14,2026-11-04,PL-NGP,B,2025-09-29
SO-20398669,RO,CUST-1020,MAT-CG-10043,53,224733.63,2026-10-25,PL-CHE,A,2026-04-11
SO-27005934,RO,CUST-1076,MAT-CG-10037,28,2617303.8,2026-12-07,PL-KOL,B,2025-10-24
SO-92662979,CS,CUST-1061,MAT-CG-10039,72,2325567.99,2026-08-31,PL-HYD,A,2026-07-08
SO-29237874,OR,CUST-1061,MAT-CG-10040,39,1994943.26,2026-11-21,PL-DEL,A,2026-06-14
SO-67096991,CS,CUST-1061,MAT-CG-10033,114,1924508.09,2027-01-06,PL-DEL,A,2025-11-10
SO-61744941,CS,CUST-1061,MAT-CG-10026,98,9427172.31,2027-01-11,PL-KOL,B,2026-07-14
SO-32295753,CS,CUST-1036,MAT-CG-10039,56,1940350.0,2026-12-20,PL-NGP,B,2025-12-16
SO-26138312,RO,CUST-1056,MAT-CG-10045,66,529325.58,2026-10-15,PL-MUM,A,2025-12-28
SO-66918776,OR,CUST-1079,MAT-CG-10050,90,2036390.16,2026-10-18,PL-AHM,A,2026-05-24
SO-36284674,OR,CUST-1047,MAT-CG-10048,4,45042.26,2026-09-01,PL-JAI,A,2026-03-08
SO-44059134,RO,CUST-1002,MAT-CG-10007,96,2869415.16,2026-09-08,PL-CHE,C,2025-12-21
SO-43962179,OR,CUST-1081,MAT-CG-10026,13,1197704.93,2027-01-24,PL-MUM,C,2025-12-25
SO-75807017,OR,CUST-1061,MAT-CG-10039,118,4109904.66,2027-02-12,PL-NGP,A,2026-08-04
SO-92264795,CS,CUST-1020,MAT-CG-10024,9,328912.74,2026-10-15,PL-BLR,A,2026-01-21
SO-69509188,CS,CUST-1091,MAT-CG-10008,16,618184.03,2026-09-24,PL-NGP,A,2026-05-16
SO-54649538,CS,CUST-1041,MAT-CG-10042,6,18944.75,2026-10-13,PL-JAI,C,2026-02-17
SO-99187054,OR,CUST-1054,MAT-CG-10034,5,137046.44,2027-02-18,PL-MUM,A,2026-05-17
SO-29798986,CS,CUST-1035,MAT-CG-10049,130,1889564.67,2026-12-22,PL-MUM,A,2025-10-16
SO-64928808,OR,CUST-1082,MAT-CG-10013,131,2787146.74,2026-08-31,PL-CHE,A,2025-11-09
SO-55828977,OR,CUST-1073,MAT-CG-10023,32,9708641.82,2026-09-22,PL-JAI,B,2026-07-09
SO-34494865,CS,CUST-1012,MAT-CG-10008,25,983549.22,2027-01-29,PL-MUM,A,2026-08-18
SO-71787010,OR,CUST-1093,MAT-CG-10014,97,2840384.57,2026-11-17,PL-HYD,C,2026-06-17
SO-60910187,CS,CUST-1037,MAT-CG-10020,15,1714829.81,2026-10-05,PL-JAI,A,2026-01-24
SO-46614518,OR,CUST-1023,MAT-CG-10015,50,1894881.72,2026-11-05,PL-PUN,A,2026-07-07
SO-87671284,OR,CUST-1045,MAT-CG-10032,92,2499771.45,2027-01-11,PL-PUN,C,2025-09-06
SO-88547299,OR,CUST-1020,MAT-CG-10011,11,847819.87,2026-10-23,PL-AHM,A,2025-09-27
SO-37843059,OR,CUST-1090,MAT-CG-10044,75,463095.25,2027-01-19,PL-CHE,A,2025-12-04
SO-44656876,OR,CUST-1060,MAT-CG-10050,55,1193161.16,2026-09-29,PL-NGP,C,2025-10-04
SO-28765689,OR,CUST-1076,MAT-CG-10012,123,11778335.67,2027-01-22,PL-AHM,C,2025-10-26
SO-24040914,CS,CUST-1046,MAT-CG-10003,84,693613.82,2026-09-02,PL-BLR,B,2025-12-23
SO-96957157,OR,CUST-1024,MAT-CG-10022,88,19141412.96,2026-11-17,PL-BLR,B,2025-11-17
SO-68922751,RO,CUST-1059,MAT-CG-10012,7,696166.07,2027-02-24,PL-AHM,C,2026-01-31
SO-43900011,CS,CUST-1048,MAT-CG-10031,64,1201460.77,2027-01-01,PL-AHM,A,2026-08-03
SO-24476095,OR,CUST-1055,MAT-CG-10015,131,4831793.24,2027-01-25,PL-AHM,B,2026-08-09
SO-32331780,OR,CUST-1077,MAT-CG-10011,133,10856711.74,2027-01-12,PL-HYD,B,2026-06-13
SO-17220926,OR,CUST-1040,MAT-CG-10009,87,4825465.27,2026-10-06,PL-KOL,B,2026-02-02
SO-10113173,CS,CUST-1019,MAT-CG-10011,119,8743683.71,2026-10-14,PL-CHE,A,2026-07-13
SO-37289414,OR,CUST-1012,MAT-CG-10012,62,6276534.93,2026-10-09,PL-NGP,A,2026-08-21
SO-56266443,OR,CUST-1061,MAT-CG-10031,42,782932.92,2026-12-09,PL-HYD,B,2025-09-15
SO-42580280,OR,CUST-1050,MAT-CG-10025,120,6597087.52,2026-10-04,PL-AHM,A,2026-04-01
SO-90119779,OR,CUST-1069,MAT-CG-10044,110,599693.09,2027-01-03,PL-JAI,A,2026-05-02
SO-41562316,OR,CUST-1047,MAT-CG-10039,47,1546793.62,2026-08-31,PL-JAI,B,2026-02-01
SO-28532770,OR,CUST-1025,MAT-CG-10005,60,972084.97,2026-11-16,PL-AHM,A,2026-03-03
SO-67138006,OR,CUST-1037,MAT-CG-10025,48,2709475.3,2027-02-19,PL-PUN,A,2026-04-12
SO-31950353,OR,CUST-1088,MAT-CG-10027,47,6519547.97,2026-09-27,PL-PUN,A,2026-02-27
SO-98029193,OR,CUST-1002,MAT-CG-10044,27,149139.15,2026-10-02,PL-JAI,B,2026-02-08
SO-11555403,OR,CUST-1084,MAT-CG-10044,118,727788.17,2026-12-11,PL-AHM,A,2026-03-21
SO-95109767,OR,CUST-1078,MAT-CG-10028,68,450805.9,2026-12-24,PL-NGP,A,2025-12-24
SO-81809727,OR,CUST-1015,MAT-CG-10046,87,972600.37,2026-12-17,PL-NGP,B,2025-09-12
SO-10933716,OR,CUST-1091,MAT-CG-10006,40,908851.1,2026-10-20,PL-NGP,B,2026-01-03
SO-72379457,OR,CUST-1006,MAT-CG-10028,14,84328.32,2027-01-03,PL-PUN,A,2026-07-29
SO-43866730,OR,CUST-1044,MAT-CG-10039,96,3309982.33,2026-09-06,PL-NGP,A,2026-05-24
SO-65976877,OR,CUST-1058,MAT-CG-10019,93,8313811.14,2027-02-09,PL-MUM,B,2026-06-27
SO-81305655,CS,CUST-1051,MAT-CG-10023,11,3076916.22,2026-09-21,PL-NGP,A,2026-06-20
SO-94949087,OR,CUST-1056,MAT-CG-10047,39,326876.63,2026-11-27,PL-PUN,C,2025-10-11
SO-86379051,OR,CUST-1006,MAT-CG-10016,136,6223004.27,2026-12-04,PL-MUM,A,2025-10-16
SO-61259494,RO,CUST-1093,MAT-CG-10047,27,202014.95,2027-02-10,PL-CHE,B,2026-01-30
SO-44474897,CS,CUST-1084,MAT-CG-10002,49,274693.24,2026-09-20,PL-AHM,A,2026-05-17
SO-50695005,RO,CUST-1066,MAT-CG-10037,68,6264763.04,2026-11-01,PL-MUM,A,2025-11-03
SO-68645850,OR,CUST-1096,MAT-CG-10031,57,1082950.64,2026-10-17,PL-CHE,B,2025-09-14
SO-34328360,CS,CUST-1037,MAT-CG-10003,104,790999.65,2026-12-13,PL-HYD,A,2026-01-23
SO-46878825,OR,CUST-1060,MAT-CG-10043,35,159243.9,2027-02-09,PL-KOL,A,2026-05-02
SO-53568260,OR,CUST-1009,MAT-CG-10015,6,216481.49,2027-02-02,PL-PUN,B,2026-01-20
SO-82673252,OR,CUST-1061,MAT-CG-10041,86,6646846.19,2026-09-03,PL-KOL,A,2026-03-13
SO-30371382,OR,CUST-1096,MAT-CG-10023,115,33327997.99,2027-01-14,PL-BLR,C,2026-02-05
SO-14330737,CS,CUST-1074,MAT-CG-10017,105,7005481.63,2027-02-08,PL-PUN,B,2026-02-28
SO-81080601,OR,CUST-1039,MAT-CG-10006,55,1198476.83,2026-11-19,PL-PUN,C,2025-12-27
SO-93867651,RO,CUST-1022,MAT-CG-10002,41,226184.53,2027-01-22,PL-AHM,B,2026-08-12
SO-84684043,CS,CUST-1063,MAT-CG-10049,74,1219361.94,2026-12-05,PL-NGP,A,2026-02-11
SO-23016411,OR,CUST-1028,MAT-CG-10039,33,1066193.97,2026-09-28,PL-JAI,A,2026-05-24
SO-83829193,OR,CUST-1046,MAT-CG-10011,104,8252260.08,2026-12-16,PL-JAI,A,2026-03-13
SO-94594167,OR,CUST-1086,MAT-CG-10050,94,2222201.79,2027-02-09,PL-KOL,B,2025-11-22
SO-40212304,OR,CUST-1064,MAT-CG-10035,102,4543674.92,2026-11-12,PL-PUN,A,2026-05-25
SO-10447935,RO,CUST-1043,MAT-CG-10026,75,7632304.61,2027-02-14,PL-BLR,C,2026-07-04
SO-97658167,OR,CUST-1054,MAT-CG-10025,150,8587045.21,2027-02-09,PL-MUM,B,2026-05-01
SO-20805307,RO,CUST-1074,MAT-CG-10009,130,7151978.16,2026-09-05,PL-KOL,B,2026-04-18
SO-93952534,OR,CUST-1088,MAT-CG-10011,147,10629526.23,2026-12-03,PL-MUM,C,2025-10-20
SO-84095884,RO,CUST-1025,MAT-CG-10051,101,3268140.39,2026-10-11,PL-PUN,A,2026-04-23
SO-36814729,OR,CUST-1017,MAT-CG-10012,122,11632602.78,2026-09-07,PL-HYD,B,2025-12-30
SO-90966708,OR,CUST-1031,MAT-CG-10030,64,841171.36,2026-12-27,PL-NGP,C,2026-06-28
SO-31376399,OR,CUST-1060,MAT-CG-10039,86,2984129.18,2026-09-17,PL-MUM,C,2026-08-07
SO-79762014,OR,CUST-1050,MAT-CG-10044,106,577775.76,2026-12-15,PL-CHE,C,2025-11-21
SO-13183661,OR,CUST-1062,MAT-CG-10008,138,5936035.77,2026-09-15,PL-CHE,B,2026-08-03
SO-78660380,CS,CUST-1084,MAT-CG-10024,104,3664317.93,2026-10-01,PL-DEL,A,2026-04-11
SO-25003358,CS,CUST-1022,MAT-CG-10049,150,2271159.95,2027-02-15,PL-KOL,A,2026-04-21
SO-38197129,OR,CUST-1013,MAT-CG-10051,125,3765726.27,2027-02-24,PL-DEL,B,2025-12-15
SO-44896549,OR,CUST-1038,MAT-CG-10049,64,1013332.57,2026-11-23,PL-PUN,C,2026-04-13
SO-89782793,OR,CUST-1098,MAT-CG-10037,72,6267158.45,2027-01-11,PL-CHE,A,2026-05-02
SO-58684022,CS,CUST-1038,MAT-CG-10024,146,5047937.43,2026-10-10,PL-JAI,C,2026-03-20
SO-49578072,OR,CUST-1096,MAT-CG-10031,114,2200038.27,2026-10-02,PL-BLR,B,2026-03-27
SO-95464793,OR,CUST-1004,MAT-CG-10025,67,4073493.36,2027-01-27,PL-CHE,A,2025-10-28
SO-58876968,CS,CUST-1066,MAT-CG-10001,68,276149.34,2027-01-10,PL-AHM,B,2025-10-11
SO-96416288,OR,CUST-1076,MAT-CG-10011,90,7238594.49,2026-11-19,PL-NGP,A,2026-02-11
SO-80496099,OR,CUST-1023,MAT-CG-10032,45,1175478.94,2026-12-06,PL-MUM,C,2026-07-21
SO-51514655,OR,CUST-1029,MAT-CG-10022,59,11545859.37,2027-02-02,PL-DEL,C,2026-05-15
SO-71649116,RO,CUST-1082,MAT-CG-10023,129,39502892.35,2027-01-12,PL-HYD,C,2026-05-12
SO-63484586,CS,CUST-1013,MAT-CG-10024,10,377630.2,2027-01-07,PL-DEL,A,2025-11-13
SO-20663234,OR,CUST-1058,MAT-CG-10035,139,6033834.17,2026-11-02,PL-HYD,A,2026-05-22
SO-40647266,CS,CUST-1092,MAT-CG-10045,64,499585.54,2026-09-10,PL-JAI,A,2025-11-14
SO-35503269,CS,CUST-1009,MAT-CG-10018,25,2074376.48,2026-10-03,PL-NGP,A,2026-07-23
SO-42741152,RO,CUST-1098,MAT-CG-10014,60,1673650.33,2026-12-27,PL-DEL,B,2026-07-28
SO-36363828,OR,CUST-1015,MAT-CG-10021,20,2930731.73,2026-12-30,PL-HYD,A,2025-11-19
SO-90301630,OR,CUST-1039,MAT-CG-10038,57,1183792.06,2027-01-26,PL-AHM,A,2026-01-09
SO-89045858,CS,CUST-1079,MAT-CG-10050,51,1185102.01,2026-08-31,PL-CHE,B,2025-10-20
SO-94708592,OR,CUST-1043,MAT-CG-10018,128,10063313.84,2027-01-09,PL-CHE,C,2026-03-23
SO-43423167,OR,CUST-1036,MAT-CG-10017,138,8858773.19,2027-01-06,PL-CHE,C,2026-01-10
SO-75441939,OR,CUST-1041,MAT-CG-10008,48,2082722.9,2027-01-08,PL-PUN,B,2026-06-01
SO-67984060,CS,CUST-1039,MAT-CG-10012,18,1667535.35,2026-12-22,PL-KOL,C,2025-09-06
SO-35983948,OR,CUST-1098,MAT-CG-10035,48,1987496.68,2026-11-17,PL-NGP,A,2026-03-13
SO-73334076,OR,CUST-1088,MAT-CG-10050,137,2988818.25,2027-02-03,PL-HYD,B,2025-09-13
SO-30990005,OR,CUST-1099,MAT-CG-10010,84,5263671.96,2026-10-13,PL-BLR,B,2025-09-18
SO-79318932,OR,CUST-1084,MAT-CG-10011,85,6603237.58,2026-12-15,PL-CHE,A,2026-04-11
SO-59766743,OR,CUST-1040,MAT-CG-10031,79,1428715.07,2026-11-29,PL-KOL,B,2026-03-19
SO-62820340,OR,CUST-1001,MAT-CG-10028,146,962111.52,2026-12-12,PL-MUM,B,2026-02-23
SO-71322699,OR,CUST-1003,MAT-CG-10042,37,115606.86,2026-10-21,PL-HYD,C,2026-04-14
SO-13178141,OR,CUST-1055,MAT-CG-10019,97,9247623.08,2026-11-22,PL-NGP,B,2026-05-13
SO-69069644,OR,CUST-1014,MAT-CG-10014,130,3373555.54,2026-10-11,PL-KOL,C,2025-12-21
SO-16174008,CS,CUST-1050,MAT-CG-10047,122,994912.45,2027-01-02,PL-HYD,A,2025-10-17
SO-17961369,OR,CUST-1008,MAT-CG-10038,98,2054995.12,2026-11-09,PL-NGP,A,2026-01-11
SO-73329409,OR,CUST-1096,MAT-CG-10019,30,2586078.5,2026-12-14,PL-BLR,A,2025-10-26
SO-36842781,RO,CUST-1012,MAT-CG-10020,148,17560594.62,2026-11-22,PL-JAI,B,2025-09-19
SO-81273301,OR,CUST-1089,MAT-CG-10017,144,8421167.41,2026-09-17,PL-KOL,A,2026-01-07
SO-34714856,OR,CUST-1060,MAT-CG-10048,56,604530.32,2026-12-01,PL-KOL,A,2025-09-11
SO-44273540,RO,CUST-1096,MAT-CG-10046,68,775156.38,2026-10-05,PL-DEL,C,2026-01-25
SO-75277802,OR,CUST-1068,MAT-CG-10028,103,614837.19,2027-01-09,PL-KOL,A,2025-11-07
SO-77674129,OR,CUST-1069,MAT-CG-10028,10,63509.36,2027-01-25,PL-KOL,C,2026-07-20
SO-85874195,OR,CUST-1072,MAT-CG-10048,21,244812.07,2027-01-14,PL-BLR,B,2026-07-10
SO-91877039,CS,CUST-1025,MAT-CG-10037,121,11475555.26,2027-02-22,PL-AHM,A,2025-12-28
SO-97301075,OR,CUST-1010,MAT-CG-10029,40,328851.28,2027-01-25,PL-KOL,B,2025-11-26
SO-12883470,OR,CUST-1074,MAT-CG-10050,112,2441230.29,2027-02-06,PL-AHM,A,2026-08-19
SO-67331055,OR,CUST-1034,MAT-CG-10015,84,3132069.25,2027-01-27,PL-KOL,B,2026-01-01
SO-87099818,OR,CUST-1092,MAT-CG-10042,53,166672.98,2026-10-09,PL-HYD,A,2026-05-10
SO-23542098,OR,CUST-1069,MAT-CG-10020,48,5826046.72,2026-09-10,PL-BLR,B,2026-02-26
SO-52323714,OR,CUST-1085,MAT-CG-10005,85,1410760.42,2026-11-16,PL-BLR,B,2026-04-07
SO-57693567,OR,CUST-1018,MAT-CG-10015,57,2131545.19,2026-12-21,PL-DEL,B,2026-08-10
SO-61058647,OR,CUST-1058,MAT-CG-10029,55,469067.61,2026-10-20,PL-HYD,B,2025-10-25
SO-33501092,RO,CUST-1075,MAT-CG-10008,25,1060606.12,2026-10-01,PL-BLR,A,2026-06-23
SO-52530857,OR,CUST-1025,MAT-CG-10032,93,2336680.05,2026-09-23,PL-NGP,A,2025-12-22
SO-25031359,OR,CUST-1003,MAT-CG-10017,132,7702621.9,2026-12-16,PL-AHM,A,2026-02-23
SO-18765169,OR,CUST-1084,MAT-CG-10024,81,2798179.87,2027-02-26,PL-DEL,C,2025-09-28
SO-12127354,OR,CUST-1094,MAT-CG-10025,122,7217241.66,2026-11-21,PL-MUM,A,2026-04-18
SO-11244728,OR,CUST-1067,MAT-CG-10012,146,13647510.75,2027-02-24,PL-PUN,A,2026-07-23
SO-98711501,OR,CUST-1048,MAT-CG-10039,55,1881558.67,2026-10-10,PL-AHM,A,2026-05-26
SO-99747074,OR,CUST-1047,MAT-CG-10034,40,1102393.67,2026-09-28,PL-BLR,A,2025-12-12
SO-64177562,CS,CUST-1048,MAT-CG-10014,80,2332075.33,2026-11-06,PL-JAI,A,2026-08-09
SO-54504189,OR,CUST-1061,MAT-CG-10051,8,230854.53,2026-10-06,PL-AHM,A,2025-11-20
SO-32782148,OR,CUST-1013,MAT-CG-10025,136,7352214.94,2026-10-27,PL-DEL,B,2026-07-21
SO-72335184,OR,CUST-1069,MAT-CG-10008,123,5018298.96,2027-02-01,PL-MUM,A,2025-12-23
SO-27206526,OR,CUST-1085,MAT-CG-10031,67,1247266.92,2027-02-04,PL-DEL,B,2025-12-14
SO-36345208,OR,CUST-1029,MAT-CG-10048,148,1663961.79,2026-10-06,PL-HYD,C,2026-07-12
SO-64202290,OR,CUST-1079,MAT-CG-10048,26,275708.06,2026-10-27,PL-CHE,A,2025-09-20
SO-72028610,CS,CUST-1076,MAT-CG-10020,86,10320981.92,2027-01-25,PL-CHE,A,2026-03-09
SO-98745007,OR,CUST-1075,MAT-CG-10028,97,636997.71,2026-09-08,PL-AHM,C,2026-07-30
SO-34450775,OR,CUST-1019,MAT-CG-10051,52,1634493.41,2026-10-30,PL-BLR,B,2026-03-11
SO-74528712,OR,CUST-1045,MAT-CG-10001,148,555963.56,2027-01-25,PL-AHM,B,2026-05-06
SO-83266696,OR,CUST-1016,MAT-CG-10030,69,900615.98,2027-02-14,PL-NGP,A,2026-03-04
SO-55765962,OR,CUST-1099,MAT-CG-10012,67,6622447.21,2027-02-16,PL-DEL,C,2026-03-01
SO-45280921,OR,CUST-1047,MAT-CG-10049,134,2046163.07,2026-09-06,PL-NGP,A,2026-07-06
SO-24916551,OR,CUST-1071,MAT-CG-10015,119,4353105.09,2026-10-02,PL-KOL,A,2026-01-04
SO-21135674,RO,CUST-1024,MAT-CG-10028,143,896244.11,2027-01-08,PL-HYD,A,2025-09-09
SO-36665991,CS,CUST-1096,MAT-CG-10015,6,208850.68,2027-01-31,PL-BLR,B,2025-11-25
SO-81559021,OR,CUST-1070,MAT-CG-10034,14,352782.38,2027-01-13,PL-BLR,A,2026-06-03
SO-95215820,CS,CUST-1080,MAT-CG-10007,44,1246587.08,2026-10-08,PL-NGP,B,2026-01-18
SO-16564881,OR,CUST-1038,MAT-CG-10013,73,1478596.68,2027-01-11,PL-AHM,B,2025-12-27
SO-50264407,OR,CUST-1010,MAT-CG-10021,36,5134402.89,2027-01-20,PL-CHE,A,2025-10-14
SO-17948672,OR,CUST-1018,MAT-CG-10039,19,607865.95,2026-10-11,PL-HYD,B,2026-06-03
SO-62479086,RO,CUST-1025,MAT-CG-10042,109,314727.31,2026-11-28,PL-DEL,A,2026-04-04
SO-26572053,CS,CUST-1095,MAT-CG-10009,104,5608900.89,2027-02-19,PL-BLR,A,2026-01-08
SO-53952205,OR,CUST-1082,MAT-CG-10010,72,4334174.02,2026-11-18,PL-NGP,A,2025-10-06
SO-41162829,CS,CUST-1057,MAT-CG-10039,122,3991655.53,2026-10-01,PL-NGP,C,2025-10-15
SO-19449294,CS,CUST-1044,MAT-CG-10030,41,544522.57,2026-09-10,PL-AHM,A,2026-06-27
SO-67164749,RO,CUST-1022,MAT-CG-10041,121,9286156.76,2027-02-24,PL-PUN,A,2026-04-30
SO-21888060,CS,CUST-1078,MAT-CG-10034,28,779896.13,2026-12-01,PL-HYD,C,2025-12-13
SO-66596142,OR,CUST-1082,MAT-CG-10045,112,831361.17,2026-11-10,PL-CHE,A,2025-09-30
SO-66323846,CS,CUST-1033,MAT-CG-10033,86,1587501.8,2026-09-21,PL-MUM,A,2025-12-18
SO-39714212,RO,CUST-1056,MAT-CG-10016,128,6366675.02,2026-09-26,PL-PUN,B,2025-10-17
SO-91420209,RO,CUST-1086,MAT-CG-10037,98,8833147.8,2027-02-01,PL-DEL,B,2025-09-28
SO-22739083,OR,CUST-1098,MAT-CG-10007,149,4228936.72,2027-01-26,PL-JAI,B,2026-02-03
SO-56614414,CS,CUST-1057,MAT-CG-10046,12,135349.06,2027-01-24,PL-NGP,A,2026-01-31
SO-99800835,OR,CUST-1028,MAT-CG-10041,112,8244171.06,2026-09-06,PL-KOL,A,2026-03-27
SO-71286924,OR,CUST-1046,MAT-CG-10027,9,1300548.68,2026-11-27,PL-KOL,A,2026-04-04
SO-53555317,OR,CUST-1090,MAT-CG-10029,14,128648.9,2026-11-06,PL-BLR,A,2025-11-11
SO-97011596,OR,CUST-1095,MAT-CG-10050,142,3142761.2,2026-11-28,PL-BLR,B,2026-07-09
SO-92732173,RO,CUST-1095,MAT-CG-10022,92,19727325.62,2026-10-28,PL-KOL,A,2026-07-03
SO-95825759,OR,CUST-1041,MAT-CG-10047,25,202052.22,2027-02-10,PL-BLR,B,2026-05-12
SO-57055917,OR,CUST-1057,MAT-CG-10017,126,8327622.97,2026-10-10,PL-BLR,A,2026-08-15
SO-88094160,OR,CUST-1065,MAT-CG-10008,50,2114265.29,2027-01-21,PL-CHE,B,2025-11-21
SO-93009769,CS,CUST-1010,MAT-CG-10012,103,9688299.24,2026-09-23,PL-JAI,C,2026-01-28
SO-55656032,RO,CUST-1046,MAT-CG-10017,39,2408084.3,2026-12-07,PL-DEL,C,2026-03-26
SO-21034254,OR,CUST-1029,MAT-CG-10040,147,7090036.93,2026-09-10,PL-HYD,B,2026-06-05
SO-13537870,OR,CUST-1029,MAT-CG-10043,72,338108.16,2026-10-26,PL-HYD,A,2026-01-10
SO-29512130,OR,CUST-1038,MAT-CG-10042,57,164466.14,2026-09-05,PL-JAI,B,2026-01-11
SO-83984321,RO,CUST-1025,MAT-CG-10027,144,19683807.18,2027-01-10,PL-JAI,B,2025-10-06
SO-45096899,CS,CUST-1047,MAT-CG-10037,101,9645060.48,2026-11-06,PL-AHM,A,2026-02-18
SO-82527114,OR,CUST-1010,MAT-CG-10016,83,4292485.75,2026-10-04,PL-KOL,C,2026-04-19
SO-87706490,OR,CUST-1013,MAT-CG-10051,139,4575676.68,2027-01-07,PL-PUN,B,2026-03-16
SO-56753777,CS,CUST-1090,MAT-CG-10007,60,1802768.14,2027-01-19,PL-HYD,B,2026-04-08
SO-71772215,RO,CUST-1057,MAT-CG-10037,15,1373902.11,2026-12-20,PL-DEL,A,2026-08-12
SO-85027178,CS,CUST-1008,MAT-CG-10036,116,7323474.67,2026-12-31,PL-BLR,A,2025-09-08
SO-47056223,RO,CUST-1033,MAT-CG-10023,18,5541808.51,2026-09-07,PL-JAI,B,2026-01-15
SO-63183240,OR,CUST-1085,MAT-CG-10046,36,384512.65,2027-01-15,PL-CHE,A,2026-04-26
SO-64645674,OR,CUST-1099,MAT-CG-10037,132,12161775.74,2027-02-21,PL-JAI,A,2026-08-20
SO-58096857,RO,CUST-1016,MAT-CG-10040,15,757146.56,2026-09-18,PL-JAI,A,2025-11-25
SO-36121315,OR,CUST-1077,MAT-CG-10027,43,6176805.78,2026-10-15,PL-BLR,A,2025-09-25
SO-54532115,OR,CUST-1013,MAT-CG-10032,32,889727.22,2027-01-24,PL-AHM,B,2026-02-09
SO-28590430,OR,CUST-1024,MAT-CG-10045,123,911759.97,2026-11-29,PL-BLR,C,2026-01-15
SO-22178177,OR,CUST-1034,MAT-CG-10017,129,7970450.21,2026-10-28,PL-KOL,C,2025-10-03
SO-70629837,OR,CUST-1068,MAT-CG-10006,88,1908212.73,2027-02-02,PL-MUM,B,2026-07-24
SO-22816494,OR,CUST-1001,MAT-CG-10044,97,598554.16,2027-01-13,PL-MUM,A,2026-03-09
SO-13711597,RO,CUST-1073,MAT-CG-10025,80,4556894.27,2026-09-17,PL-BLR,A,2025-10-02
SO-34398998,RO,CUST-1028,MAT-CG-10040,129,6686874.28,2026-09-24,PL-BLR,B,2026-02-13
SO-69149428,CS,CUST-1099,MAT-CG-10037,47,4113498.67,2026-10-08,PL-PUN,A,2025-10-09
SO-26144121,OR,CUST-1038,MAT-CG-10003,139,1032170.94,2027-02-21,PL-BLR,B,2025-12-01
SO-76793593,OR,CUST-1078,MAT-CG-10011,27,1970864.81,2027-02-03,PL-KOL,B,2025-09-20
SO-70120895,OR,CUST-1086,MAT-CG-10036,101,6089605.38,2026-11-25,PL-HYD,A,2026-06-12
SO-35278591,OR,CUST-1006,MAT-CG-10016,127,6053106.09,2026-12-31,PL-JAI,A,2025-11-30
SO-80778039,RO,CUST-1074,MAT-CG-10006,84,1937954.12,2027-01-11,PL-AHM,B,2025-09-28
SO-52992142,OR,CUST-1058,MAT-CG-10013,74,1577951.93,2026-11-13,PL-AHM,B,2026-01-13
SO-75829144,OR,CUST-1063,MAT-CG-10025,23,1259958.56,2027-01-21,PL-PUN,B,2026-02-05
SO-48546517,CS,CUST-1090,MAT-CG-10020,129,14483748.81,2026-09-10,PL-HYD,A,2026-03-19
SO-82851642,OR,CUST-1083,MAT-CG-10038,148,2965483.31,2026-09-12,PL-NGP,A,2026-07-30
SO-35265012,OR,CUST-1069,MAT-CG-10020,100,11223252.26,2027-02-22,PL-AHM,C,2025-12-06
SO-78282676,OR,CUST-1088,MAT-CG-10034,47,1264536.25,2026-10-24,PL-DEL,B,2026-05-20
SO-19792992,CS,CUST-1027,MAT-CG-10015,83,2947052.74,2027-01-24,PL-JAI,A,2026-07-31
SO-25613685,OR,CUST-1001,MAT-CG-10025,54,3306389.23,2027-02-15,PL-KOL,A,2026-02-05
SO-63949988,OR,CUST-1020,MAT-CG-10015,97,3274705.15,2026-11-02,PL-JAI,C,2026-04-13
SO-94045854,OR,CUST-1027,MAT-CG-10028,148,998585.77,2027-02-14,PL-CHE,B,2025-09-04
SO-65517801,OR,CUST-1036,MAT-CG-10001,108,444320.46,2026-10-18,PL-PUN,A,2025-10-20
SO-15610213,CS,CUST-1099,MAT-CG-10001,103,401620.07,2027-02-16,PL-HYD,A,2025-10-01
SO-31330395,OR,CUST-1009,MAT-CG-10008,31,1219193.14,2026-11-22,PL-BLR,C,2026-04-14
SO-48226119,RO,CUST-1037,MAT-CG-10044,103,579217.63,2027-01-23,PL-CHE,A,2026-06-23
SO-21610244,RO,CUST-1064,MAT-CG-10026,53,4986810.2,2027-01-10,PL-MUM,B,2025-12-21
SO-40688223,OR,CUST-1050,MAT-CG-10007,30,844813.16,2027-02-24,PL-DEL,A,2026-01-12
SO-68801935,CS,CUST-1019,MAT-CG-10040,96,4629895.78,2026-09-10,PL-NGP,A,2026-05-08
SO-15873085,RO,CUST-1002,MAT-CG-10047,83,700784.88,2026-11-26,PL-CHE,A,2026-02-25
SO-96454359,OR,CUST-1051,MAT-CG-10030,53,657833.89,2026-11-13,PL-NGP,A,2026-04-30
SO-55082208,CS,CUST-1093,MAT-CG-10012,51,4964370.46,2026-12-21,PL-DEL,A,2025-10-19
SO-84739562,OR,CUST-1019,MAT-CG-10034,75,1976364.68,2026-11-20,PL-MUM,A,2025-09-07
SO-79531133,RO,CUST-1003,MAT-CG-10005,106,1863766.19,2026-10-13,PL-KOL,A,2026-08-04
SO-41361578,OR,CUST-1049,MAT-CG-10010,28,1657326.75,2026-09-14,PL-AHM,B,2026-06-23
SO-85650313,RO,CUST-1010,MAT-CG-10015,11,364735.57,2026-12-30,PL-JAI,C,2026-02-07
SO-70353847,CS,CUST-1031,MAT-CG-10019,101,9489950.52,2027-02-03,PL-CHE,A,2025-10-02
SO-30553823,OR,CUST-1069,MAT-CG-10030,124,1647764.67,2026-10-27,PL-BLR,A,2025-10-01
SO-62137114,OR,CUST-1021,MAT-CG-10047,46,358879.41,2026-09-05,PL-AHM,A,2026-06-11
SO-65079123,CS,CUST-1070,MAT-CG-10003,119,980326.59,2026-12-11,PL-BLR,C,2026-02-24
SO-66524541,OR,CUST-1059,MAT-CG-10014,105,2990166.69,2026-12-22,PL-AHM,B,2026-02-18
SO-99304909,OR,CUST-1018,MAT-CG-10022,85,18027361.04,2026-10-22,PL-HYD,A,2026-05-18
SO-98493234,RO,CUST-1047,MAT-CG-10037,51,4933256.22,2027-01-18,PL-AHM,A,2025-09-28
SO-62724691,OR,CUST-1061,MAT-CG-10020,56,6337404.59,2027-02-13,PL-PUN,A,2025-10-08
SO-36764323,OR,CUST-1044,MAT-CG-10027,15,2090618.62,2026-10-10,PL-AHM,B,2026-01-14
SO-13199132,CS,CUST-1027,MAT-CG-10012,115,11111127.46,2027-02-17,PL-BLR,A,2025-09-09
SO-96065526,OR,CUST-1074,MAT-CG-10037,41,3904056.18,2026-10-20,PL-BLR,B,2026-03-14
SO-27522806,OR,CUST-1041,MAT-CG-10030,64,820235.42,2027-02-03,PL-NGP,C,2025-10-06
SO-18772342,OR,CUST-1003,MAT-CG-10003,26,190254.12,2026-09-13,PL-KOL,A,2026-03-16
SO-30213583,OR,CUST-1040,MAT-CG-10023,53,16089705.24,2026-12-01,PL-JAI,A,2025-10-29
SO-55448910,CS,CUST-1023,MAT-CG-10029,123,1027115.23,2026-09-25,PL-NGP,A,2026-06-07
SO-25896810,RO,CUST-1080,MAT-CG-10011,108,8176376.26,2027-01-21,PL-NGP,C,2025-12-26
SO-43472531,OR,CUST-1085,MAT-CG-10045,73,608847.65,2026-12-22,PL-DEL,A,2026-06-15
SO-60918146,OR,CUST-1022,MAT-CG-10025,123,7395145.36,2027-01-28,PL-KOL,B,2025-10-28
SO-70040074,OR,CUST-1063,MAT-CG-10037,48,4671347.33,2027-01-23,PL-KOL,A,2026-07-11
SO-33788142,OR,CUST-1080,MAT-CG-10024,19,656307.81,2026-12-09,PL-BLR,A,2025-09-15
SO-49238480,CS,CUST-1011,MAT-CG-10013,84,1692975.97,2027-01-04,PL-MUM,B,2025-10-25
SO-59018458,OR,CUST-1025,MAT-CG-10027,45,6238721.46,2027-01-11,PL-MUM,B,2026-03-13
SO-97161679,OR,CUST-1090,MAT-CG-10011,15,1119131.12,2026-12-23,PL-AHM,A,2026-08-03
SO-98504582,OR,CUST-1043,MAT-CG-10018,119,9412889.69,2026-10-03,PL-JAI,A,2025-11-03
SO-61092812,OR,CUST-1061,MAT-CG-10002,79,421270.09,2026-09-09,PL-CHE,C,2026-02-12
SO-78797888,OR,CUST-1053,MAT-CG-10022,95,20104681.17,2026-10-03,PL-KOL,C,2026-04-12
SO-75609708,OR,CUST-1035,MAT-CG-10036,51,2875028.46,2026-12-24,PL-DEL,C,2026-03-13
SO-13088008,OR,CUST-1098,MAT-CG-10033,31,506926.08,2026-09-19,PL-BLR,A,2026-07-21
SO-41802263,OR,CUST-1010,MAT-CG-10010,148,8768299.07,2026-09-03,PL-KOL,B,2026-07-18
SO-94691777,OR,CUST-1086,MAT-CG-10010,119,7151371.81,2026-10-01,PL-MUM,C,2026-06-13
SO-34907429,OR,CUST-1092,MAT-CG-10013,22,480941.58,2026-08-31,PL-AHM,C,2026-04-26
SO-20658492,OR,CUST-1042,MAT-CG-10014,14,392890.5,2026-10-19,PL-PUN,A,2025-12-13
SO-72976361,OR,CUST-1094,MAT-CG-10039,49,1689736.86,2026-09-15,PL-PUN,A,2025-12-07
SO-33602309,OR,CUST-1034,MAT-CG-10001,22,82116.44,2027-01-16,PL-JAI,A,2025-08-30
SO-35259577,OR,CUST-1042,MAT-CG-10008,21,894725.1,2026-10-28,PL-BLR,B,2025-10-02
SO-90739206,OR,CUST-1065,MAT-CG-10038,77,1614851.83,2026-10-25,PL-AHM,A,2026-02-28
SO-81209329,OR,CUST-1084,MAT-CG-10048,63,745243.85,2027-02-21,PL-CHE,A,2026-06-02
SO-18426588,OR,CUST-1045,MAT-CG-10005,17,310521.62,2026-09-15,PL-JAI,B,2026-07-14
SO-11610470,CS,CUST-1087,MAT-CG-10044,116,633953.31,2027-01-28,PL-KOL,C,2025-09-09
SO-86396882,OR,CUST-1094,MAT-CG-10039,18,634498.45,2026-12-24,PL-KOL,C,2025-12-21
SO-50298493,OR,CUST-1041,MAT-CG-10024,129,4612631.0,2026-10-18,PL-HYD,B,2026-05-28
SO-64993351,OR,CUST-1060,MAT-CG-10003,92,704923.28,2026-12-12,PL-PUN,B,2026-01-04
SO-61749546,OR,CUST-1004,MAT-CG-10010,38,2541459.68,2026-11-20,PL-AHM,C,2026-06-08
SO-11872359,OR,CUST-1085,MAT-CG-10026,95,9852278.57,2026-10-08,PL-JAI,A,2026-05-04
SO-62518275,OR,CUST-1020,MAT-CG-10007,6,171085.77,2026-10-20,PL-MUM,B,2026-02-04
SO-83729641,OR,CUST-1030,MAT-CG-10011,79,5795821.17,2027-02-02,PL-PUN,B,2026-01-13
SO-99360714,OR,CUST-1046,MAT-CG-10011,126,10280206.97,2026-09-17,PL-KOL,C,2025-12-22
SO-28988828,OR,CUST-1067,MAT-CG-10039,76,2715846.46,2026-10-25,PL-AHM,B,2026-08-17
SO-55443506,CS,CUST-1040,MAT-CG-10020,42,5155194.15,2026-12-18,PL-JAI,A,2025-10-21
SO-47835591,OR,CUST-1093,MAT-CG-10009,137,7172848.49,2027-02-23,PL-BLR,A,2025-11-07
SO-12376967,OR,CUST-1048,MAT-CG-10031,18,329388.47,2026-10-23,PL-KOL,C,2026-04-26
SO-47652279,RO,CUST-1044,MAT-CG-10021,123,18365879.64,2026-11-23,PL-HYD,A,2026-03-12
SO-40726021,CS,CUST-1076,MAT-CG-10051,148,4635992.07,2026-11-02,PL-PUN,B,2025-12-26
SO-78579952,OR,CUST-1050,MAT-CG-10002,82,460154.89,2027-02-06,PL-KOL,A,2025-11-26
SO-90879572,CS,CUST-1035,MAT-CG-10032,120,2952433.04,2026-12-08,PL-HYD,A,2026-06-11
SO-73585237,OR,CUST-1029,MAT-CG-10024,17,615185.2,2026-11-22,PL-KOL,B,2025-12-19
SO-46608900,OR,CUST-1063,MAT-CG-10036,39,2491225.14,2027-02-01,PL-NGP,A,2025-09-27
SO-49677387,CS,CUST-1008,MAT-CG-10013,32,679792.49,2026-10-19,PL-NGP,B,2026-04-01
SO-66772934,CS,CUST-1002,MAT-CG-10016,98,4631056.31,2026-10-22,PL-BLR,A,2026-08-11
SO-20564233,OR,CUST-1060,MAT-CG-10002,109,613773.64,2026-10-07,PL-PUN,C,2026-02-09
SO-89704535,OR,CUST-1098,MAT-CG-10036,42,2448314.57,2026-11-09,PL-PUN,A,2026-05-14
SO-48220213,OR,CUST-1076,MAT-CG-10046,118,1203264.98,2026-09-04,PL-DEL,A,2026-03-09
SO-59502450,OR,CUST-1041,MAT-CG-10036,124,7762475.9,2026-12-05,PL-NGP,A,2025-10-06
SO-63088171,OR,CUST-1042,MAT-CG-10028,84,542469.02,2026-09-08,PL-CHE,A,2025-11-07
SO-15285691,RO,CUST-1008,MAT-CG-10049,147,2338087.33,2026-10-03,PL-PUN,A,2026-07-20
SO-23724194,RO,CUST-1021,MAT-CG-10009,40,2262252.39,2026-10-30,PL-DEL,A,2026-02-22
SO-65383843,OR,CUST-1097,MAT-CG-10022,22,4254577.55,2026-12-11,PL-NGP,A,2025-11-28
SO-30801601,RO,CUST-1012,MAT-CG-10027,103,14876121.73,2026-12-23,PL-BLR,A,2026-04-12
SO-17585204,CS,CUST-1088,MAT-CG-10015,63,2256342.59,2026-09-13,PL-HYD,B,2026-08-02
SO-41227854,OR,CUST-1018,MAT-CG-10003,58,455568.98,2026-11-21,PL-AHM,C,2025-09-14
SO-78484185,OR,CUST-1064,MAT-CG-10026,6,550025.73,2027-02-25,PL-AHM,B,2026-07-20
SO-89143988,OR,CUST-1027,MAT-CG-10003,53,400606.89,2027-01-03,PL-MUM,A,2026-07-13
SO-78336772,OR,CUST-1051,MAT-CG-10038,96,1895860.42,2027-01-15,PL-MUM,C,2025-10-09
SO-84660318,OR,CUST-1066,MAT-CG-10019,70,6314592.76,2026-10-21,PL-JAI,A,2026-03-05
SO-44942491,OR,CUST-1016,MAT-CG-10013,85,1785027.47,2026-12-24,PL-MUM,B,2025-10-19
SO-64450900,OR,CUST-1024,MAT-CG-10042,133,376507.11,2026-12-08,PL-DEL,C,2026-05-10
SO-50078726,CS,CUST-1087,MAT-CG-10013,147,2903693.84,2027-01-29,PL-CHE,A,2025-12-29
SO-86080861,OR,CUST-1028,MAT-CG-10004,60,629289.64,2026-11-18,PL-MUM,A,2026-05-23
SO-77054198,CS,CUST-1050,MAT-CG-10022,54,11447520.55,2026-12-26,PL-AHM,B,2026-05-31
SO-85273310,RO,CUST-1037,MAT-CG-10032,124,3379472.63,2027-02-17,PL-HYD,A,2025-10-12
SO-14187584,RO,CUST-1007,MAT-CG-10007,2,61830.19,2026-11-09,PL-MUM,A,2026-01-08
SO-31406009,OR,CUST-1007,MAT-CG-10025,147,8365252.72,2027-02-12,PL-HYD,B,2026-02-14
SO-66034160,CS,CUST-1003,MAT-CG-10005,73,1227160.31,2026-09-08,PL-DEL,A,2026-06-12
SO-37469800,OR,CUST-1082,MAT-CG-10017,118,7643156.09,2027-02-21,PL-MUM,B,2026-05-26
SO-21555511,CS,CUST-1031,MAT-CG-10001,30,117076.91,2027-01-26,PL-NGP,A,2026-04-07
SO-74387599,OR,CUST-1094,MAT-CG-10002,146,812872.28,2026-10-25,PL-DEL,B,2025-09-10
SO-14987687,OR,CUST-1056,MAT-CG-10025,9,545700.93,2026-12-14,PL-BLR,A,2025-11-01
SO-47691414,CS,CUST-1037,MAT-CG-10003,18,145674.13,2026-10-21,PL-CHE,A,2025-09-14
SO-41516805,CS,CUST-1058,MAT-CG-10018,50,4096453.24,2027-02-13,PL-MUM,B,2026-01-13
SO-41074206,CS,CUST-1096,MAT-CG-10036,127,7121333.29,2026-12-02,PL-DEL,B,2026-02-16
SO-83093732,OR,CUST-1048,MAT-CG-10030,122,1573903.13,2026-12-04,PL-NGP,B,2026-06-10
SO-64626836,OR,CUST-1075,MAT-CG-10021,90,13114129.02,2026-12-28,PL-KOL,A,2026-06-09
SO-82782058,OR,CUST-1047,MAT-CG-10044,128,789616.31,2026-09-22,PL-JAI,A,2026-06-14
SO-96632730,OR,CUST-1058,MAT-CG-10022,93,19804900.08,2027-02-21,PL-BLR,A,2026-03-01
SO-90368575,OR,CUST-1070,MAT-CG-10033,39,687048.86,2026-10-10,PL-JAI,A,2026-05-10
SO-20971412,OR,CUST-1015,MAT-CG-10045,103,864131.92,2027-01-17,PL-MUM,B,2026-07-01
SO-44187558,RO,CUST-1086,MAT-CG-10037,3,291794.32,2026-10-28,PL-KOL,B,2026-06-25
SO-83611807,OR,CUST-1067,MAT-CG-10021,97,14642398.28,2026-12-09,PL-HYD,B,2026-02-25
SO-24284340,OR,CUST-1082,MAT-CG-10048,106,1213115.68,2026-10-09,PL-HYD,C,2026-08-23
SO-24468787,OR,CUST-1019,MAT-CG-10051,131,4275705.0,2027-02-24,PL-CHE,A,2026-01-28
SO-82741563,CS,CUST-1013,MAT-CG-10020,55,6995659.08,2026-10-18,PL-MUM,A,2026-08-08
SO-37794800,OR,CUST-1100,MAT-CG-10019,32,3005738.7,2026-09-17,PL-CHE,B,2026-06-24
SO-98796442,OR,CUST-1002,MAT-CG-10028,93,607557.06,2026-11-15,PL-KOL,B,2026-02-13
SO-67515501,RO,CUST-1076,MAT-CG-10014,79,2306128.19,2027-02-09,PL-JAI,B,2026-08-02
SO-14230279,OR,CUST-1041,MAT-CG-10044,127,721017.93,2026-11-04,PL-PUN,B,2025-11-21
SO-66734057,CS,CUST-1076,MAT-CG-10050,27,616008.32,2026-11-28,PL-PUN,A,2026-02-10
SO-21653940,OR,CUST-1033,MAT-CG-10003,126,995621.58,2026-09-21,PL-HYD,C,2025-10-04
SO-60982753,CS,CUST-1044,MAT-CG-10007,118,3350426.57,2026-12-29,PL-MUM,A,2026-03-18
SO-39065567,RO,CUST-1053,MAT-CG-10036,117,6606991.79,2027-02-22,PL-BLR,B,2025-09-12
SO-77953702,OR,CUST-1009,MAT-CG-10050,9,202018.2,2026-12-27,PL-CHE,C,2025-11-07
SO-97738439,CS,CUST-1007,MAT-CG-10025,139,7781334.91,2026-09-30,PL-NGP,B,2026-05-26
SO-31843423,OR,CUST-1038,MAT-CG-10029,77,671666.38,2026-12-18,PL-DEL,C,2026-06-05
SO-74712566,OR,CUST-1032,MAT-CG-10005,52,837651.9,2027-02-14,PL-BLR,B,2026-08-01
SO-39987280,OR,CUST-1088,MAT-CG-10020,48,5811388.88,2027-01-04,PL-HYD,C,2026-01-08
SO-23628162,OR,CUST-1018,MAT-CG-10045,31,231016.43,2027-02-01,PL-JAI,A,2026-01-11
SO-67710061,OR,CUST-1091,MAT-CG-10032,95,2495805.59,2027-02-24,PL-KOL,C,2025-11-18
SO-73573301,OR,CUST-1036,MAT-CG-10007,109,3181885.73,2027-02-26,PL-AHM,A,2026-07-21
SO-99214834,OR,CUST-1061,MAT-CG-10006,69,1527117.67,2026-11-01,PL-BLR,A,2026-08-11
SO-86560560,OR,CUST-1086,MAT-CG-10011,24,1762436.92,2027-02-15,PL-NGP,A,2025-11-11
SO-18968278,CS,CUST-1024,MAT-CG-10017,124,7856673.44,2026-09-29,PL-NGP,A,2026-04-27
SO-50311369,OR,CUST-1096,MAT-CG-10013,39,824702.4,2026-09-02,PL-KOL,A,2025-12-05
SO-25133395,RO,CUST-1086,MAT-CG-10051,5,149253.29,2027-01-13,PL-MUM,A,2026-06-14
SO-74476742,OR,CUST-1025,MAT-CG-10021,64,9670355.63,2026-12-31,PL-PUN,A,2026-07-04
SO-84226771,CS,CUST-1081,MAT-CG-10012,101,9972755.01,2026-09-18,PL-BLR,C,2026-06-19
SO-19126002,OR,CUST-1066,MAT-CG-10033,39,720549.57,2026-09-18,PL-JAI,A,2026-04-19
SO-93969764,OR,CUST-1029,MAT-CG-10041,107,8159357.01,2026-12-13,PL-MUM,B,2026-08-02
SO-13713165,OR,CUST-1086,MAT-CG-10021,103,15695367.88,2026-12-04,PL-AHM,B,2025-10-17
SO-74339388,RO,CUST-1066,MAT-CG-10015,34,1273313.47,2027-02-12,PL-BLR,A,2025-10-21
SO-76724126,OR,CUST-1056,MAT-CG-10034,75,1990751.35,2026-12-15,PL-DEL,B,2026-07-11
SO-96087267,OR,CUST-1048,MAT-CG-10046,39,406368.19,2026-11-10,PL-PUN,C,2026-03-02
SO-91241436,OR,CUST-1040,MAT-CG-10020,139,17457497.19,2026-12-29,PL-NGP,B,2026-02-07
SO-91229215,RO,CUST-1085,MAT-CG-10049,145,2325883.44,2026-10-05,PL-PUN,A,2026-07-08
SO-55957495,RO,CUST-1067,MAT-CG-10045,127,1013596.19,2026-09-16,PL-CHE,C,2026-04-08
SO-89783556,RO,CUST-1030,MAT-CG-10018,75,5737389.29,2026-11-21,PL-HYD,B,2026-05-18
SO-35749206,OR,CUST-1067,MAT-CG-10023,80,23755746.77,2026-11-10,PL-CHE,B,2026-01-18
SO-92282678,OR,CUST-1099,MAT-CG-10043,50,230275.96,2026-10-18,PL-KOL,C,2025-11-19
SO-37442758,OR,CUST-1075,MAT-CG-10036,84,5040616.35,2026-09-30,PL-CHE,C,2026-04-19
SO-34572290,CS,CUST-1064,MAT-CG-10014,88,2385074.54,2026-12-09,PL-PUN,C,2026-04-07
SO-82129763,OR,CUST-1019,MAT-CG-10037,119,10532119.47,2026-09-18,PL-CHE,A,2026-02-12
SO-10438499,OR,CUST-1025,MAT-CG-10036,102,6368448.2,2026-11-04,PL-PUN,B,2025-11-15
SO-78601151,RO,CUST-1054,MAT-CG-10038,72,1419097.21,2026-09-13,PL-AHM,C,2025-12-16
SO-73937051,OR,CUST-1050,MAT-CG-10039,29,950779.63,2026-10-05,PL-BLR,A,2026-02-19
SO-15507572,OR,CUST-1036,MAT-CG-10049,15,218782.58,2027-01-15,PL-CHE,A,2026-07-05
SO-37500238,OR,CUST-1085,MAT-CG-10048,110,1245622.96,2026-09-02,PL-DEL,A,2025-10-08
SO-48143081,OR,CUST-1031,MAT-CG-10047,72,550777.65,2027-02-05,PL-JAI,B,2026-04-09
SO-41724015,OR,CUST-1003,MAT-CG-10036,92,5546391.97,2026-11-20,PL-HYD,A,2026-02-08
SO-92717934,OR,CUST-1021,MAT-CG-10014,140,3642053.33,2027-02-04,PL-CHE,B,2026-06-21
SO-64546380,OR,CUST-1031,MAT-CG-10007,65,1903634.17,2026-10-12,PL-BLR,A,2026-04-02
SO-42047266,CS,CUST-1040,MAT-CG-10007,2,58374.23,2027-01-31,PL-AHM,B,2026-05-06
SO-21005469,OR,CUST-1092,MAT-CG-10015,27,951858.47,2026-10-08,PL-AHM,B,2026-02-10
SO-46470084,OR,CUST-1087,MAT-CG-10002,140,758324.83,2027-01-12,PL-KOL,A,2026-08-13
SO-92629511,OR,CUST-1057,MAT-CG-10032,131,3480389.18,2026-12-04,PL-BLR,C,2026-07-15
SO-32599802,OR,CUST-1027,MAT-CG-10039,98,3169310.66,2026-11-29,PL-AHM,A,2026-04-18
SO-40990266,OR,CUST-1077,MAT-CG-10046,76,860107.75,2026-09-06,PL-JAI,A,2025-09-27
SO-70699404,CS,CUST-1003,MAT-CG-10045,18,139187.63,2026-11-27,PL-KOL,B,2026-08-13
SO-69770852,OR,CUST-1012,MAT-CG-10032,113,2932575.88,2026-11-28,PL-HYD,A,2026-02-17
SO-31219581,OR,CUST-1029,MAT-CG-10017,124,8149932.85,2027-02-12,PL-NGP,B,2025-11-25
SO-61196558,OR,CUST-1007,MAT-CG-10013,11,234471.94,2026-09-23,PL-BLR,A,2025-10-12
SO-16719620,OR,CUST-1011,MAT-CG-10045,143,1127065.54,2026-11-04,PL-PUN,A,2026-03-26
SO-47381443,OR,CUST-1030,MAT-CG-10010,113,7094102.15,2026-10-12,PL-NGP,A,2026-04-27
SO-86854285,CS,CUST-1095,MAT-CG-10006,15,321434.18,2027-01-18,PL-PUN,B,2026-05-30
SO-36224131,RO,CUST-1092,MAT-CG-10016,6,274565.05,2026-09-25,PL-CHE,A,2025-11-23
SO-84281278,OR,CUST-1093,MAT-CG-10008,120,4716413.42,2027-01-14,PL-BLR,A,2026-08-19
SO-46552513,RO,CUST-1003,MAT-CG-10021,45,6648693.97,2026-09-14,PL-AHM,A,2026-05-30
SO-30925806,OR,CUST-1031,MAT-CG-10004,122,1341831.41,2026-12-03,PL-JAI,A,2025-12-30
SO-33507564,CS,CUST-1015,MAT-CG-10016,118,5907408.6,2026-10-11,PL-JAI,A,2026-07-20
SO-10076959,OR,CUST-1059,MAT-CG-10025,36,2095303.61,2027-01-03,PL-AHM,B,2025-11-19
SO-80471123,OR,CUST-1083,MAT-CG-10047,105,885919.68,2026-11-29,PL-JAI,B,2026-01-28
SO-80259009,OR,CUST-1022,MAT-CG-10049,66,1018661.31,2027-01-05,PL-BLR,A,2026-05-10
SO-50056231,OR,CUST-1078,MAT-CG-10005,96,1753873.66,2026-12-06,PL-AHM,A,2026-02-13
SO-75393775,OR,CUST-1097,MAT-CG-10002,82,414763.82,2026-12-20,PL-BLR,B,2025-10-25
SO-97116877,OR,CUST-1051,MAT-CG-10051,37,1101078.18,2026-09-04,PL-HYD,B,2026-04-16
SO-72592309,CS,CUST-1060,MAT-CG-10032,104,2674100.45,2026-10-22,PL-PUN,A,2026-01-23
SO-29533708,CS,CUST-1013,MAT-CG-10004,64,651144.24,2026-09-13,PL-KOL,B,2026-02-07
SO-20485555,RO,CUST-1038,MAT-CG-10042,112,328337.65,2027-01-09,PL-NGP,B,2026-08-03
SO-57309391,OR,CUST-1025,MAT-CG-10031,19,342471.57,2027-01-07,PL-BLR,A,2026-07-03
SO-46186255,OR,CUST-1004,MAT-CG-10010,145,9231285.69,2027-02-08,PL-NGP,A,2026-08-11
SO-54834214,RO,CUST-1059,MAT-CG-10029,105,883986.94,2026-11-22,PL-CHE,A,2026-07-28
SO-68840762,OR,CUST-1056,MAT-CG-10034,33,895608.39,2026-09-09,PL-NGP,C,2025-11-07
SO-30579604,OR,CUST-1043,MAT-CG-10033,19,335991.86,2026-12-21,PL-CHE,A,2026-06-12
SO-22507696,RO,CUST-1050,MAT-CG-10049,52,777218.25,2026-10-26,PL-MUM,A,2026-03-21
SO-36104468,OR,CUST-1073,MAT-CG-10001,36,135350.66,2026-10-08,PL-AHM,B,2025-11-06
SO-10076098,OR,CUST-1021,MAT-CG-10017,55,3617377.61,2026-11-06,PL-PUN,A,2026-05-03
SO-76234064,OR,CUST-1011,MAT-CG-10030,44,568472.39,2026-11-26,PL-JAI,C,2026-02-14
SO-87449461,RO,CUST-1071,MAT-CG-10031,68,1327001.26,2026-11-23,PL-KOL,B,2026-06-05
SO-47441996,RO,CUST-1100,MAT-CG-10043,135,639288.75,2026-10-27,PL-MUM,B,2025-12-19
SO-78294681,OR,CUST-1064,MAT-CG-10018,86,7198419.45,2026-12-12,PL-MUM,B,2026-03-23
SO-29860461,RO,CUST-1029,MAT-CG-10017,29,1903719.27,2026-10-26,PL-HYD,B,2026-06-06
SO-77893186,OR,CUST-1053,MAT-CG-10007,140,4262388.76,2026-12-16,PL-JAI,A,2026-03-23
SO-31803062,RO,CUST-1062,MAT-CG-10006,64,1525714.81,2027-02-16,PL-DEL,A,2026-07-25
SO-68004568,OR,CUST-1054,MAT-CG-10028,105,665100.02,2026-09-07,PL-KOL,A,2026-06-24
SO-75299603,OR,CUST-1051,MAT-CG-10020,62,7511384.47,2026-12-12,PL-AHM,A,2026-03-30
SO-55112093,OR,CUST-1077,MAT-CG-10016,44,2087865.38,2026-12-05,PL-DEL,A,2026-07-12
SO-30138866,RO,CUST-1055,MAT-CG-10006,4,89668.25,2026-09-23,PL-BLR,A,2026-08-22
SO-14386856,OR,CUST-1038,MAT-CG-10031,47,928628.19,2026-12-02,PL-KOL,C,2025-11-04
SO-32175662,OR,CUST-1043,MAT-CG-10006,12,254302.93,2027-01-27,PL-DEL,A,2025-10-13
SO-32808207,OR,CUST-1063,MAT-CG-10001,51,189348.52,2027-01-29,PL-CHE,B,2025-11-27
SO-28604725,OR,CUST-1060,MAT-CG-10005,74,1298909.67,2026-11-05,PL-BLR,C,2025-08-30
SO-76627763,RO,CUST-1029,MAT-CG-10033,26,461555.17,2026-09-08,PL-AHM,A,2025-09-17
SO-70734656,OR,CUST-1066,MAT-CG-10011,123,9176563.92,2027-02-14,PL-AHM,B,2026-04-25
SO-99423281,OR,CUST-1027,MAT-CG-10051,81,2409144.34,2026-10-08,PL-BLR,A,2026-07-14
SO-29821270,OR,CUST-1058,MAT-CG-10004,32,317683.71,2026-09-18,PL-CHE,A,2025-09-05
SO-42112135,CS,CUST-1062,MAT-CG-10021,150,21960266.63,2026-10-01,PL-NGP,C,2025-10-27
SO-73515624,CS,CUST-1005,MAT-CG-10020,55,6458124.38,2026-12-09,PL-HYD,A,2026-07-21
SO-43847289,OR,CUST-1024,MAT-CG-10004,10,109270.27,2026-12-27,PL-AHM,C,2026-03-11
SO-53876873,CS,CUST-1091,MAT-CG-10029,36,306328.63,2026-11-19,PL-JAI,C,2026-05-21
SO-43635013,OR,CUST-1012,MAT-CG-10001,44,172473.15,2026-11-24,PL-BLR,A,2026-06-13
SO-91057016,OR,CUST-1036,MAT-CG-10016,133,6832661.48,2026-10-16,PL-AHM,A,2026-08-19
SO-56031713,RO,CUST-1048,MAT-CG-10041,94,6700226.31,2026-09-26,PL-PUN,B,2026-05-12
SO-54629799,CS,CUST-1085,MAT-CG-10014,39,1129227.98,2027-01-07,PL-CHE,B,2026-02-04
SO-68376344,CS,CUST-1006,MAT-CG-10034,52,1352833.41,2027-01-29,PL-NGP,A,2025-11-21
SO-15974522,OR,CUST-1043,MAT-CG-10049,118,1698424.44,2027-01-28,PL-DEL,B,2026-01-22
SO-40996944,OR,CUST-1076,MAT-CG-10030,148,1796155.93,2026-11-06,PL-CHE,C,2026-08-04
SO-44110350,OR,CUST-1034,MAT-CG-10015,150,4962175.2,2026-10-28,PL-MUM,A,2026-01-05
SO-10302045,OR,CUST-1007,MAT-CG-10016,103,5327200.08,2026-11-09,PL-NGP,B,2026-01-22
SO-95901983,OR,CUST-1099,MAT-CG-10002,130,714816.01,2026-09-13,PL-PUN,B,2026-05-06
SO-48595265,OR,CUST-1031,MAT-CG-10035,143,6514402.51,2026-12-08,PL-NGP,C,2026-03-08
SO-98060591,OR,CUST-1002,MAT-CG-10012,141,14198897.0,2026-09-20,PL-KOL,C,2026-04-20
SO-23349287,OR,CUST-1096,MAT-CG-10031,7,133753.46,2026-10-13,PL-CHE,C,2026-04-14
SO-67237068,OR,CUST-1094,MAT-CG-10027,43,5672283.79,2026-09-24,PL-CHE,A,2025-11-19
SO-95768162,OR,CUST-1010,MAT-CG-10045,142,1190135.01,2026-10-01,PL-MUM,A,2026-07-21
SO-34021010,OR,CUST-1098,MAT-CG-10050,71,1582450.11,2026-10-01,PL-NGP,B,2025-12-28
SO-74591190,CS,CUST-1079,MAT-CG-10033,33,553222.32,2026-09-21,PL-KOL,A,2026-02-24
SO-35407437,RO,CUST-1033,MAT-CG-10012,101,10226305.86,2027-02-05,PL-DEL,A,2026-06-01
SO-31520447,RO,CUST-1089,MAT-CG-10010,89,5686006.51,2026-12-31,PL-KOL,A,2026-03-02
SO-23900847,RO,CUST-1100,MAT-CG-10025,112,6774116.61,2026-10-24,PL-BLR,A,2025-10-10
SO-88699165,CS,CUST-1090,MAT-CG-10041,125,8567296.47,2026-10-28,PL-PUN,B,2026-01-01
SO-96238565,OR,CUST-1026,MAT-CG-10025,84,5140276.05,2026-09-09,PL-PUN,A,2026-08-22
SO-12297985,CS,CUST-1048,MAT-CG-10037,92,8604268.02,2026-12-15,PL-MUM,A,2025-12-29
SO-22881862,RO,CUST-1067,MAT-CG-10006,36,814737.83,2026-09-29,PL-JAI,A,2025-12-24
SO-84035112,CS,CUST-1098,MAT-CG-10032,143,3660822.9,2027-02-06,PL-MUM,C,2026-03-14
SO-82085863,OR,CUST-1038,MAT-CG-10016,81,3685761.32,2026-09-27,PL-MUM,A,2025-09-17
SO-60946520,OR,CUST-1036,MAT-CG-10009,68,3543409.57,2026-12-14,PL-DEL,B,2026-02-18
SO-51390751,CS,CUST-1039,MAT-CG-10005,129,2202484.66,2026-09-06,PL-CHE,A,2026-05-21
SO-28444834,RO,CUST-1078,MAT-CG-10046,25,272533.03,2026-09-25,PL-KOL,A,2026-07-06
SO-52723076,OR,CUST-1024,MAT-CG-10017,87,5508017.24,2027-01-27,PL-DEL,A,2026-07-29
SO-83847719,RO,CUST-1011,MAT-CG-10018,81,6637336.18,2027-01-18,PL-JAI,C,2025-11-17
SO-98301804,OR,CUST-1013,MAT-CG-10020,143,18054925.68,2026-09-10,PL-CHE,B,2026-07-07
SO-46111036,CS,CUST-1007,MAT-CG-10043,87,370743.57,2026-09-24,PL-JAI,A,2026-06-30
SO-72978060,OR,CUST-1052,MAT-CG-10031,12,223452.2,2026-11-06,PL-BLR,B,2025-11-09
SO-21007045,OR,CUST-1022,MAT-CG-10051,65,1917773.28,2027-01-23,PL-DEL,C,2026-08-15
SO-27000208,OR,CUST-1095,MAT-CG-10031,57,1122333.9,2027-02-21,PL-NGP,A,2026-01-27
SO-46683639,RO,CUST-1094,MAT-CG-10001,135,550508.3,2026-10-18,PL-PUN,B,2026-04-24
SO-38320949,RO,CUST-1086,MAT-CG-10004,112,1154671.87,2027-01-13,PL-CHE,A,2026-06-15
SO-87622366,OR,CUST-1035,MAT-CG-10026,107,10138171.75,2026-10-01,PL-AHM,A,2025-09-26
SO-10194969,OR,CUST-1052,MAT-CG-10039,129,4396919.96,2026-11-03,PL-BLR,B,2026-05-21
SO-26103071,CS,CUST-1032,MAT-CG-10042,150,425864.79,2026-09-10,PL-HYD,A,2026-07-31
SO-62978256,OR,CUST-1028,MAT-CG-10047,20,154011.73,2026-09-28,PL-JAI,A,2025-09-24
SO-11846825,OR,CUST-1014,MAT-CG-10014,30,809223.12,2026-12-23,PL-BLR,A,2025-09-26
SO-59493703,OR,CUST-1053,MAT-CG-10051,33,1001046.05,2027-01-10,PL-CHE,B,2025-09-18
SO-37753738,OR,CUST-1046,MAT-CG-10013,39,767429.6,2027-02-17,PL-HYD,B,2025-12-16
SO-16567733,OR,CUST-1001,MAT-CG-10018,113,8792706.71,2026-10-10,PL-MUM,A,2026-01-01
SO-37358925,OR,CUST-1015,MAT-CG-10034,76,2095164.66,2026-10-06,PL-CHE,A,2026-05-25
SO-73516387,RO,CUST-1009,MAT-CG-10028,5,32172.26,2026-11-28,PL-CHE,C,2026-05-01
SO-46992495,OR,CUST-1050,MAT-CG-10029,53,441303.91,2026-12-31,PL-HYD,B,2026-06-16
SO-96600010,OR,CUST-1050,MAT-CG-10002,62,323083.87,2027-01-19,PL-NGP,C,2026-06-10
SO-59772507,RO,CUST-1033,MAT-CG-10008,70,2955839.1,2026-11-08,PL-NGP,A,2026-01-29
SO-86122371,OR,CUST-1031,MAT-CG-10002,18,103026.18,2026-11-03,PL-HYD,C,2025-11-12
SO-81124566,OR,CUST-1081,MAT-CG-10040,149,7241395.24,2027-01-13,PL-MUM,A,2026-08-13
SO-66334691,RO,CUST-1044,MAT-CG-10021,143,19661069.86,2026-10-19,PL-BLR,A,2026-03-20
SO-43711159,CS,CUST-1035,MAT-CG-10047,110,884701.68,2027-02-07,PL-AHM,C,2025-10-19
SO-57900630,OR,CUST-1049,MAT-CG-10037,146,13325628.2,2026-10-20,PL-HYD,A,2026-07-31
SO-73268066,OR,CUST-1069,MAT-CG-10022,93,18687054.94,2026-10-28,PL-AHM,B,2026-08-15
SO-23850251,RO,CUST-1018,MAT-CG-10045,21,158772.27,2026-09-11,PL-HYD,B,2026-01-24
SO-23772773,CS,CUST-1071,MAT-CG-10035,20,853177.23,2026-10-04,PL-HYD,C,2026-05-06
SO-22999817,OR,CUST-1033,MAT-CG-10014,96,2468146.67,2027-01-28,PL-AHM,A,2026-04-02
SO-38062838,OR,CUST-1044,MAT-CG-10042,117,370679.86,2027-02-03,PL-DEL,A,2026-04-17
SO-94437310,OR,CUST-1006,MAT-CG-10051,139,4274540.99,2026-11-09,PL-NGP,A,2025-09-21
SO-75706214,OR,CUST-1053,MAT-CG-10049,3,48775.86,2026-09-25,PL-DEL,B,2025-10-29
SO-47268231,OR,CUST-1055,MAT-CG-10015,149,5438516.79,2026-11-30,PL-PUN,B,2025-09-01
SO-23087728,CS,CUST-1074,MAT-CG-10011,8,572541.7,2026-11-09,PL-HYD,A,2026-06-04
SO-34077528,OR,CUST-1027,MAT-CG-10015,13,442472.74,2026-11-14,PL-PUN,A,2025-09-19
SO-93033289,OR,CUST-1005,MAT-CG-10029,59,480553.82,2026-10-22,PL-KOL,C,2026-03-23
SO-30660064,CS,CUST-1009,MAT-CG-10044,112,679380.51,2026-10-10,PL-PUN,B,2026-08-20
SO-14715002,RO,CUST-1023,MAT-CG-10011,97,7627704.28,2026-12-16,PL-DEL,A,2026-06-04
SO-30634593,OR,CUST-1014,MAT-CG-10014,20,546635.24,2027-02-26,PL-BLR,A,2025-11-30
SO-81251601,RO,CUST-1075,MAT-CG-10046,144,1652643.25,2026-12-24,PL-BLR,B,2025-11-24
SO-38935675,OR,CUST-1055,MAT-CG-10043,147,629661.6,2026-12-22,PL-CHE,A,2026-04-12
SO-12688078,OR,CUST-1052,MAT-CG-10039,56,1831373.61,2027-01-15,PL-PUN,A,2025-10-30
SO-17219866,OR,CUST-1095,MAT-CG-10008,34,1437708.43,2026-09-28,PL-NGP,B,2026-02-02
SO-28148672,OR,CUST-1067,MAT-CG-10042,150,428819.06,2026-10-29,PL-BLR,A,2026-07-29
SO-19955322,OR,CUST-1069,MAT-CG-10033,141,2456675.0,2026-11-25,PL-NGP,B,2026-07-07
SO-54570467,RO,CUST-1018,MAT-CG-10017,68,4454193.05,2026-09-11,PL-AHM,B,2026-05-10
SO-95395947,OR,CUST-1067,MAT-CG-10009,58,2939751.03,2026-12-22,PL-DEL,B,2025-10-03
SO-53196957,OR,CUST-1022,MAT-CG-10035,22,970076.95,2026-11-25,PL-MUM,A,2026-08-18
SO-99238969,CS,CUST-1004,MAT-CG-10050,8,188577.63,2026-09-07,PL-DEL,A,2026-05-31
SO-21090760,CS,CUST-1025,MAT-CG-10049,22,338498.0,2026-09-25,PL-PUN,B,2025-09-26
SO-94670720,CS,CUST-1078,MAT-CG-10024,16,531002.49,2026-10-08,PL-KOL,A,2026-02-10
SO-77648431,CS,CUST-1038,MAT-CG-10044,31,186016.7,2026-11-05,PL-BLR,A,2025-11-17
SO-82479365,OR,CUST-1037,MAT-CG-10010,149,9461748.88,2026-09-19,PL-BLR,A,2026-03-29
SO-52159618,OR,CUST-1061,MAT-CG-10033,12,194305.46,2026-12-20,PL-PUN,A,2026-08-01
SO-10375217,CS,CUST-1034,MAT-CG-10039,14,496517.14,2026-12-05,PL-KOL,C,2026-03-02
SO-79241678,OR,CUST-1068,MAT-CG-10006,94,2006699.86,2026-12-05,PL-JAI,A,2026-04-25
SO-46159501,RO,CUST-1030,MAT-CG-10027,40,5912817.74,2026-12-03,PL-MUM,A,2026-03-18
SO-60375339,CS,CUST-1006,MAT-CG-10011,149,11507286.66,2026-09-10,PL-PUN,A,2026-01-27
SO-65053892,RO,CUST-1079,MAT-CG-10014,63,1751773.98,2027-02-05,PL-KOL,A,2025-10-08
SO-34798930,OR,CUST-1009,MAT-CG-10050,136,2865441.22,2026-09-12,PL-DEL,B,2026-04-16
SO-84597332,RO,CUST-1095,MAT-CG-10034,33,804477.2,2027-02-07,PL-CHE,C,2026-05-25
SO-76900453,OR,CUST-1067,MAT-CG-10036,123,7047024.69,2026-10-18,PL-NGP,C,2026-07-22
SO-42511183,OR,CUST-1087,MAT-CG-10026,70,6457114.44,2027-02-25,PL-AHM,B,2025-09-10
SO-80024539,RO,CUST-1083,MAT-CG-10019,45,4220521.59,2026-11-17,PL-AHM,A,2026-06-03
SO-66344563,CS,CUST-1017,MAT-CG-10002,64,340714.59,2027-01-13,PL-AHM,A,2026-07-01
SO-21028439,OR,CUST-1006,MAT-CG-10020,66,8252553.82,2026-11-13,PL-AHM,A,2026-02-23
SO-49005267,OR,CUST-1024,MAT-CG-10049,97,1476343.28,2026-10-28,PL-KOL,A,2025-11-18
SO-49437611,OR,CUST-1094,MAT-CG-10044,49,265224.79,2026-09-21,PL-PUN,B,2026-03-19
SO-49003774,RO,CUST-1074,MAT-CG-10027,73,10747779.46,2027-01-13,PL-NGP,A,2026-04-30
SO-59442025,OR,CUST-1072,MAT-CG-10047,29,236803.38,2027-01-10,PL-BLR,A,2026-03-07
SO-72502873,RO,CUST-1090,MAT-CG-10047,36,268667.67,2027-02-23,PL-KOL,A,2026-03-28
SO-49107858,OR,CUST-1027,MAT-CG-10044,16,98123.0,2026-10-23,PL-KOL,A,2025-11-27
SO-26398778,OR,CUST-1094,MAT-CG-10017,82,4938250.29,2026-10-06,PL-DEL,A,2026-07-06
SO-80626900,OR,CUST-1093,MAT-CG-10046,118,1335583.21,2026-10-01,PL-NGP,A,2025-10-17
SO-89633754,OR,CUST-1081,MAT-CG-10013,63,1328123.11,2027-01-04,PL-HYD,A,2026-01-28
SO-40295304,OR,CUST-1053,MAT-CG-10042,84,263726.6,2026-09-19,PL-DEL,B,2025-12-08
SO-62256420,OR,CUST-1060,MAT-CG-10032,85,2367852.94,2026-12-13,PL-NGP,C,2025-11-28
SO-34807303,OR,CUST-1004,MAT-CG-10001,4,16794.02,2026-09-07,PL-JAI,A,2026-03-05
SO-25034348,RO,CUST-1017,MAT-CG-10050,108,2537276.6,2027-01-12,PL-MUM,A,2025-09-05
SO-73387410,CS,CUST-1090,MAT-CG-10025,87,5041532.93,2026-11-11,PL-JAI,A,2026-01-23
SO-62581326,OR,CUST-1079,MAT-CG-10001,56,228842.72,2026-10-04,PL-MUM,A,2026-03-17
SO-26532086,RO,CUST-1082,MAT-CG-10039,20,698646.79,2026-11-12,PL-DEL,B,2026-03-27
SO-63284724,RO,CUST-1062,MAT-CG-10015,61,2120004.64,2026-09-06,PL-JAI,A,2026-01-27
SO-31163196,OR,CUST-1078,MAT-CG-10013,45,938772.84,2026-10-07,PL-DEL,A,2026-01-04
SO-55324613,OR,CUST-1010,MAT-CG-10018,87,6445577.19,2026-09-09,PL-CHE,A,2025-11-30
SO-15751690,OR,CUST-1081,MAT-CG-10035,106,4255592.62,2026-11-25,PL-HYD,B,2026-02-02
SO-16222119,RO,CUST-1089,MAT-CG-10028,113,678096.17,2026-10-02,PL-AHM,A,2026-08-02
SO-79827653,OR,CUST-1047,MAT-CG-10013,16,324113.39,2027-02-02,PL-DEL,A,2026-02-07
SO-19754865,OR,CUST-1096,MAT-CG-10010,118,7202911.69,2026-10-14,PL-HYD,A,2026-03-02
SO-67685899,RO,CUST-1071,MAT-CG-10023,15,4156367.66,2027-01-24,PL-DEL,B,2025-10-07
SO-85345921,CS,CUST-1019,MAT-CG-10032,110,2928319.94,2027-01-12,PL-CHE,A,2026-08-03
SO-50803020,RO,CUST-1001,MAT-CG-10008,63,2697697.87,2026-12-23,PL-HYD,A,2026-03-24
SO-99537557,RO,CUST-1095,MAT-CG-10016,124,6358915.95,2026-10-04,PL-AHM,A,2026-05-07
SO-92477940,CS,CUST-1016,MAT-CG-10015,97,3232408.37,2027-02-17,PL-KOL,B,2025-09-04
SO-91293269,OR,CUST-1065,MAT-CG-10045,6,46260.73,2027-01-22,PL-JAI,C,2026-07-21
SO-87052719,OR,CUST-1003,MAT-CG-10019,75,7077350.72,2026-12-24,PL-CHE,B,2026-05-31
SO-93721739,CS,CUST-1054,MAT-CG-10026,148,15068542.88,2027-01-24,PL-AHM,C,2026-03-25
SO-22033247,RO,CUST-1038,MAT-CG-10036,118,6712772.95,2026-12-02,PL-JAI,B,2025-10-01
SO-29720859,OR,CUST-1073,MAT-CG-10037,65,5627147.91,2026-09-05,PL-NGP,A,2025-11-05
SO-33504699,OR,CUST-1014,MAT-CG-10040,51,2371004.95,2026-10-27,PL-CHE,A,2026-01-15
SO-85141628,OR,CUST-1053,MAT-CG-10026,146,14577117.99,2026-09-05,PL-NGP,B,2026-06-05
SO-71361861,OR,CUST-1004,MAT-CG-10026,32,3203597.63,2026-10-14,PL-HYD,A,2025-11-09
SO-79792383,RO,CUST-1029,MAT-CG-10047,60,465299.09,2027-02-16,PL-JAI,A,2025-09-25
SO-28592250,CS,CUST-1072,MAT-CG-10016,135,6798249.34,2026-11-11,PL-MUM,A,2026-01-27
SO-29120157,CS,CUST-1073,MAT-CG-10043,32,145812.62,2026-11-26,PL-MUM,B,2026-06-09
SO-83081609,CS,CUST-1019,MAT-CG-10026,93,9046676.1,2026-11-07,PL-DEL,B,2026-02-09
SO-56267189,OR,CUST-1081,MAT-CG-10037,98,8446377.45,2026-10-25,PL-MUM,B,2025-12-20
SO-29557879,OR,CUST-1068,MAT-CG-10028,27,167219.26,2026-11-25,PL-DEL,A,2026-05-17
SO-63508647,RO,CUST-1020,MAT-CG-10050,70,1514147.21,2026-11-18,PL-NGP,A,2025-10-07
SO-32044652,OR,CUST-1097,MAT-CG-10003,9,67970.86,2026-09-01,PL-NGP,B,2025-10-20
SO-18402695,OR,CUST-1015,MAT-CG-10026,101,10375744.67,2026-12-08,PL-NGP,A,2026-07-16
SO-92126467,OR,CUST-1004,MAT-CG-10006,51,1072504.42,2026-09-16,PL-AHM,B,2026-07-26
SO-20751435,OR,CUST-1081,MAT-CG-10040,73,3601832.24,2026-11-21,PL-MUM,B,2026-01-27
SO-94495057,RO,CUST-1026,MAT-CG-10050,47,1109206.71,2026-12-22,PL-AHM,C,2026-06-11
SO-39596454,CS,CUST-1036,MAT-CG-10004,96,973180.5,2027-01-04,PL-PUN,B,2025-10-21
SO-31785186,OR,CUST-1092,MAT-CG-10019,102,9921839.89,2026-10-05,PL-AHM,B,2025-09-14
SO-56244783,OR,CUST-1072,MAT-CG-10009,37,2053800.53,2027-01-03,PL-PUN,B,2026-07-30
SO-90771986,OR,CUST-1099,MAT-CG-10011,146,11626083.23,2026-09-05,PL-AHM,B,2025-09-12
SO-19013806,OR,CUST-1026,MAT-CG-10035,69,2845004.23,2026-10-29,PL-DEL,A,2026-03-16
SO-37195004,OR,CUST-1052,MAT-CG-10023,45,12333651.55,2027-01-17,PL-DEL,B,2026-08-18
SO-23644112,OR,CUST-1078,MAT-CG-10014,44,1156829.22,2026-12-06,PL-DEL,A,2026-01-19
SO-99876603,OR,CUST-1017,MAT-CG-10016,133,6437444.63,2027-01-17,PL-JAI,A,2026-02-12
SO-39293518,OR,CUST-1010,MAT-CG-10008,50,2168940.56,2027-01-17,PL-CHE,A,2026-04-10
SO-32641668,RO,CUST-1042,MAT-CG-10038,14,269873.34,2026-12-10,PL-CHE,B,2026-08-01
SO-46962459,OR,CUST-1007,MAT-CG-10007,112,3177831.8,2026-10-22,PL-CHE,A,2026-02-01
SO-24533446,OR,CUST-1060,MAT-CG-10031,138,2640370.42,2027-01-05,PL-NGP,A,2026-05-20
SO-31673067,CS,CUST-1012,MAT-CG-10005,5,91035.13,2027-01-28,PL-NGP,A,2026-07-02
SO-45044029,RO,CUST-1054,MAT-CG-10041,51,3549611.37,2027-01-17,PL-KOL,C,2025-12-15
SO-41388763,OR,CUST-1030,MAT-CG-10051,114,3700737.04,2027-01-16,PL-HYD,A,2025-12-03
SO-52740512,OR,CUST-1004,MAT-CG-10012,141,13531788.74,2027-01-24,PL-PUN,C,2026-08-12
SO-95449737,OR,CUST-1052,MAT-CG-10032,141,3784145.72,2026-09-30,PL-PUN,B,2025-08-30
SO-76634324,OR,CUST-1052,MAT-CG-10004,105,1102354.25,2026-10-07,PL-MUM,A,2026-08-22
SO-29277622,OR,CUST-1085,MAT-CG-10025,140,8500224.06,2026-10-16,PL-HYD,C,2026-02-26
SO-21568108,OR,CUST-1087,MAT-CG-10021,42,6526828.45,2026-12-02,PL-MUM,A,2025-11-20
SO-45555431,OR,CUST-1073,MAT-CG-10029,28,229146.6,2026-09-18,PL-NGP,C,2026-05-26
SO-28621916,OR,CUST-1073,MAT-CG-10005,148,2523699.36,2026-12-25,PL-JAI,A,2025-11-11
SO-46039806,OR,CUST-1056,MAT-CG-10038,138,2887378.11,2027-01-16,PL-CHE,B,2026-08-15
SO-15071837,OR,CUST-1005,MAT-CG-10011,34,2770385.41,2027-02-24,PL-HYD,C,2025-11-19
SO-78096871,OR,CUST-1083,MAT-CG-10028,66,398040.03,2027-02-02,PL-KOL,C,2025-10-15
SO-94492211,OR,CUST-1083,MAT-CG-10033,143,2330478.72,2026-11-27,PL-PUN,C,2025-11-17
SO-14804924,CS,CUST-1084,MAT-CG-10033,119,2041633.06,2026-11-30,PL-BLR,A,2025-11-18
SO-62411510,OR,CUST-1026,MAT-CG-10026,116,11450480.28,2027-02-15,PL-BLR,A,2025-10-12
SO-61062905,OR,CUST-1079,MAT-CG-10029,72,581754.48,2027-02-07,PL-PUN,B,2025-10-15
SO-61603280,RO,CUST-1020,MAT-CG-10035,128,5778560.27,2027-01-25,PL-AHM,B,2025-12-12
SO-27379520,OR,CUST-1067,MAT-CG-10046,41,445560.22,2027-01-04,PL-MUM,C,2025-11-24
SO-10087862,OR,CUST-1083,MAT-CG-10021,136,19214802.4,2027-02-07,PL-HYD,A,2026-07-28
SO-14012808,CS,CUST-1047,MAT-CG-10045,70,569315.55,2026-12-08,PL-AHM,C,2025-10-10
SO-86395856,OR,CUST-1004,MAT-CG-10022,118,24856478.35,2026-10-12,PL-CHE,B,2026-05-25
SO-60268472,OR,CUST-1033,MAT-CG-10050,89,1909012.16,2027-01-12,PL-AHM,B,2025-10-24
SO-28838016,OR,CUST-1079,MAT-CG-10026,52,4958997.52,2027-02-10,PL-HYD,C,2026-06-16
SO-87316551,OR,CUST-1051,MAT-CG-10044,138,836725.54,2026-10-26,PL-HYD,B,2025-11-03
SO-64344900,OR,CUST-1034,MAT-CG-10007,89,2468058.15,2027-02-21,PL-KOL,A,2025-11-24
SO-74867809,OR,CUST-1044,MAT-CG-10049,88,1336682.09,2027-01-25,PL-BLR,B,2025-10-26
SO-56080307,RO,CUST-1078,MAT-CG-10015,58,2141447.69,2026-12-03,PL-DEL,A,2025-12-08
SO-62508567,OR,CUST-1047,MAT-CG-10007,145,3988960.83,2027-02-12,PL-PUN,B,2026-04-11
SO-53537057,OR,CUST-1079,MAT-CG-10025,145,8195799.88,2027-01-02,PL-CHE,A,2026-05-01
SO-51153750,CS,CUST-1080,MAT-CG-10001,51,189694.9,2027-02-19,PL-NGP,B,2026-07-16
SO-90396559,OR,CUST-1022,MAT-CG-10008,125,4818526.23,2027-01-11,PL-KOL,B,2026-04-25
SO-21544089,OR,CUST-1027,MAT-CG-10018,11,851271.03,2026-09-22,PL-KOL,A,2026-01-03
SO-53992027,OR,CUST-1014,MAT-CG-10007,85,2404816.61,2026-10-14,PL-KOL,B,2026-05-06
SO-80400524,OR,CUST-1031,MAT-CG-10027,123,17727865.01,2026-12-23,PL-KOL,A,2026-08-15
SO-30090581,CS,CUST-1083,MAT-CG-10040,70,3546487.41,2026-11-11,PL-DEL,A,2026-02-23
SO-61396315,RO,CUST-1068,MAT-CG-10012,118,12306203.58,2026-10-01,PL-JAI,B,2025-12-24
SO-91211357,CS,CUST-1017,MAT-CG-10036,17,1053738.25,2026-09-01,PL-CHE,A,2026-06-18
SO-80703629,RO,CUST-1099,MAT-CG-10016,133,6330084.18,2026-10-11,PL-BLR,A,2025-11-11
SO-65845729,OR,CUST-1042,MAT-CG-10050,111,2616912.4,2027-01-27,PL-NGP,B,2026-01-05
SO-47518966,OR,CUST-1022,MAT-CG-10035,115,4697353.25,2026-11-25,PL-NGP,A,2025-09-15
SO-94848743,OR,CUST-1094,MAT-CG-10018,140,11130625.48,2026-12-02,PL-KOL,C,2025-10-13
SO-77381482,OR,CUST-1039,MAT-CG-10019,47,4580854.31,2026-09-30,PL-DEL,C,2026-01-16
SO-28270424,OR,CUST-1006,MAT-CG-10022,8,1541009.78,2026-11-17,PL-KOL,C,2026-04-28
SO-19764093,OR,CUST-1017,MAT-CG-10038,61,1279656.81,2026-09-29,PL-KOL,A,2026-07-19
SO-53483402,OR,CUST-1062,MAT-CG-10014,3,77383.75,2026-10-22,PL-AHM,B,2026-05-22
SO-48105685,OR,CUST-1037,MAT-CG-10044,27,164160.12,2027-01-12,PL-JAI,B,2026-02-07
SO-29337067,OR,CUST-1089,MAT-CG-10038,127,2790535.99,2026-10-26,PL-AHM,B,2025-10-01
SO-49281259,CS,CUST-1053,MAT-CG-10051,114,3346154.57,2026-09-01,PL-BLR,A,2025-12-03
SO-59504107,OR,CUST-1027,MAT-CG-10048,44,524547.62,2026-09-17,PL-NGP,A,2026-05-27
SO-24208449,CS,CUST-1018,MAT-CG-10046,141,1450845.37,2026-09-16,PL-BLR,A,2025-10-17
SO-94142699,OR,CUST-1080,MAT-CG-10010,3,179935.86,2026-12-05,PL-MUM,A,2025-11-30
SO-45217439,OR,CUST-1021,MAT-CG-10016,108,5034824.95,2027-01-19,PL-PUN,A,2026-08-11
SO-73305233,OR,CUST-1067,MAT-CG-10035,44,1946686.58,2027-02-17,PL-PUN,A,2026-05-23
SO-72312114,OR,CUST-1034,MAT-CG-10023,124,37174841.87,2026-12-01,PL-NGP,C,2026-04-09
SO-60856386,OR,CUST-1074,MAT-CG-10031,36,707438.25,2026-11-22,PL-BLR,B,2026-07-08
SO-61326574,CS,CUST-1071,MAT-CG-10033,118,1967628.63,2026-09-26,PL-AHM,A,2025-11-15
SO-26230918,CS,CUST-1061,MAT-CG-10012,114,10687071.79,2026-12-26,PL-HYD,A,2026-01-09
SO-85763872,CS,CUST-1075,MAT-CG-10051,57,1872837.64,2026-09-07,PL-KOL,A,2026-05-27
SO-86084622,RO,CUST-1028,MAT-CG-10010,149,9790848.42,2026-10-13,PL-DEL,C,2026-01-17
SO-95947330,OR,CUST-1031,MAT-CG-10021,21,3125249.85,2026-10-06,PL-HYD,A,2026-03-10
SO-42819076,RO,CUST-1070,MAT-CG-10042,95,272509.93,2027-01-20,PL-CHE,A,2026-01-22
SO-96517618,OR,CUST-1095,MAT-CG-10008,127,5401784.38,2027-01-04,PL-HYD,A,2026-02-03
SO-12625340,RO,CUST-1043,MAT-CG-10019,65,5758065.51,2026-11-03,PL-JAI,B,2025-10-15
SO-34220993,OR,CUST-1078,MAT-CG-10046,31,348383.56,2027-01-27,PL-PUN,A,2026-05-20
SO-69074819,OR,CUST-1021,MAT-CG-10037,46,3954448.61,2026-11-02,PL-JAI,B,2025-11-27
SO-38754429,OR,CUST-1091,MAT-CG-10032,30,828575.79,2026-11-22,PL-BLR,B,2025-11-11
SO-27538006,OR,CUST-1004,MAT-CG-10034,64,1748278.25,2026-09-25,PL-BLR,A,2026-02-01
SO-83548560,OR,CUST-1023,MAT-CG-10047,15,111549.17,2026-09-11,PL-CHE,B,2025-12-16
SO-79608534,RO,CUST-1065,MAT-CG-10039,121,4278772.45,2026-12-21,PL-KOL,C,2026-05-08
SO-99569919,RO,CUST-1046,MAT-CG-10045,97,728435.52,2027-02-10,PL-NGP,B,2026-07-23
SO-37111336,OR,CUST-1036,MAT-CG-10049,12,197433.46,2026-10-30,PL-AHM,C,2026-07-13
SO-53048207,OR,CUST-1059,MAT-CG-10037,148,12743694.43,2026-10-11,PL-HYD,C,2025-11-04
SO-30027348,CS,CUST-1074,MAT-CG-10006,7,149817.76,2027-01-28,PL-KOL,C,2026-08-11
SO-36687785,OR,CUST-1036,MAT-CG-10006,79,1810657.46,2027-01-08,PL-HYD,A,2025-10-14
SO-87383120,OR,CUST-1061,MAT-CG-10013,3,58129.12,2027-02-22,PL-JAI,B,2026-07-07
SO-29486273,OR,CUST-1007,MAT-CG-10039,31,1062797.81,2026-10-08,PL-DEL,A,2026-06-04
SO-65044235,OR,CUST-1097,MAT-CG-10008,119,5004693.24,2026-09-13,PL-DEL,B,2025-09-13
SO-25127624,OR,CUST-1052,MAT-CG-10006,31,657387.78,2026-10-16,PL-MUM,A,2025-10-11
SO-69927008,OR,CUST-1093,MAT-CG-10047,10,77739.48,2027-01-13,PL-PUN,A,2026-05-14
SO-14969146,OR,CUST-1074,MAT-CG-10040,56,2606291.82,2026-12-06,PL-KOL,A,2025-11-22
SO-71115136,CS,CUST-1086,MAT-CG-10001,47,192556.53,2027-01-11,PL-DEL,A,2026-04-01
SO-22093079,OR,CUST-1003,MAT-CG-10012,27,2757544.43,2027-02-21,PL-AHM,C,2025-11-28
SO-11173352,RO,CUST-1086,MAT-CG-10009,88,4576914.94,2026-10-04,PL-BLR,B,2026-03-30
SO-12297122,RO,CUST-1025,MAT-CG-10025,34,2025959.47,2026-12-02,PL-KOL,C,2026-02-10
SO-97933602,OR,CUST-1028,MAT-CG-10051,18,572044.29,2027-01-23,PL-JAI,A,2026-06-19
SO-12293584,OR,CUST-1030,MAT-CG-10050,129,3083477.04,2026-09-30,PL-BLR,A,2026-05-18
SO-83778810,OR,CUST-1070,MAT-CG-10028,93,580334.37,2026-11-17,PL-BLR,A,2026-08-10
SO-30960858,OR,CUST-1019,MAT-CG-10017,21,1405189.19,2026-09-13,PL-AHM,A,2026-02-19
SO-74331966,OR,CUST-1072,MAT-CG-10040,43,2089165.06,2026-09-15,PL-BLR,B,2025-10-10
SO-21458649,OR,CUST-1055,MAT-CG-10004,115,1264887.3,2026-09-05,PL-AHM,A,2026-06-18
SO-81275948,CS,CUST-1014,MAT-CG-10009,74,3857406.31,2026-11-05,PL-BLR,C,2025-10-04
SO-39774445,CS,CUST-1091,MAT-CG-10042,3,9433.33,2026-09-08,PL-HYD,A,2026-06-21
SO-64430657,OR,CUST-1073,MAT-CG-10002,94,539119.3,2027-02-10,PL-PUN,A,2026-01-19
SO-93605083,OR,CUST-1048,MAT-CG-10051,80,2448773.17,2027-02-20,PL-KOL,A,2026-03-31
SO-43030652,OR,CUST-1062,MAT-CG-10028,46,306357.96,2026-10-05,PL-CHE,B,2026-01-13
SO-15922169,RO,CUST-1008,MAT-CG-10001,30,122218.79,2027-01-09,PL-DEL,A,2026-05-09
SO-84335596,OR,CUST-1013,MAT-CG-10002,107,576172.7,2026-11-09,PL-DEL,B,2026-06-02
SO-15720821,RO,CUST-1002,MAT-CG-10028,134,853968.21,2027-02-18,PL-KOL,B,2026-06-30
SO-24519890,OR,CUST-1091,MAT-CG-10010,9,537277.44,2026-09-21,PL-HYD,B,2026-08-02
SO-23645439,OR,CUST-1007,MAT-CG-10027,117,16104797.77,2026-10-28,PL-KOL,A,2026-07-30
SO-81228560,OR,CUST-1063,MAT-CG-10019,94,8373991.31,2026-12-11,PL-BLR,A,2026-05-15
SO-85850627,OR,CUST-1024,MAT-CG-10002,6,31854.58,2027-01-13,PL-KOL,B,2026-01-17
SO-90015279,OR,CUST-1064,MAT-CG-10046,111,1115480.92,2026-09-30,PL-NGP,A,2026-03-06
SO-91465153,OR,CUST-1021,MAT-CG-10013,53,1139107.5,2026-12-21,PL-CHE,B,2026-02-03
SO-20594263,OR,CUST-1075,MAT-CG-10028,40,238905.68,2026-10-31,PL-BLR,C,2025-12-23
SO-17728375,OR,CUST-1052,MAT-CG-10002,10,53587.62,2026-09-25,PL-CHE,A,2025-10-07
SO-19101470,OR,CUST-1007,MAT-CG-10038,8,163345.79,2027-01-02,PL-PUN,A,2026-04-16
SO-97926462,OR,CUST-1075,MAT-CG-10003,7,52959.62,2027-01-19,PL-DEL,C,2025-11-08
SO-87063639,OR,CUST-1041,MAT-CG-10049,71,1057170.7,2026-09-16,PL-KOL,A,2026-08-02
SO-15086557,RO,CUST-1039,MAT-CG-10017,130,8309827.13,2027-01-31,PL-PUN,B,2025-10-17
SO-95749236,OR,CUST-1083,MAT-CG-10034,128,3148420.08,2026-12-27,PL-JAI,B,2025-09-07
SO-61300867,RO,CUST-1072,MAT-CG-10008,108,4597502.4,2026-09-26,PL-AHM,B,2026-07-04
SO-75089615,OR,CUST-1007,MAT-CG-10010,57,3616512.58,2027-01-24,PL-CHE,A,2026-04-26
SO-68638880,OR,CUST-1027,MAT-CG-10012,84,8518407.47,2027-01-09,PL-JAI,B,2026-03-28
SO-25292558,RO,CUST-1058,MAT-CG-10038,147,3152864.58,2026-09-17,PL-CHE,A,2026-01-15
SO-13530859,OR,CUST-1060,MAT-CG-10043,37,155689.04,2026-12-26,PL-NGP,A,2026-06-30
SO-17371568,OR,CUST-1085,MAT-CG-10006,107,2456283.11,2026-09-07,PL-CHE,A,2025-11-17
SO-59576939,CS,CUST-1090,MAT-CG-10006,62,1439819.06,2027-01-24,PL-NGP,B,2025-12-08
SO-29677109,OR,CUST-1011,MAT-CG-10050,116,2775318.01,2026-09-05,PL-NGP,B,2025-10-07
SO-98783194,RO,CUST-1004,MAT-CG-10038,76,1631857.71,2026-09-18,PL-NGP,B,2026-04-12
SO-28554345,OR,CUST-1098,MAT-CG-10020,138,15643796.15,2026-11-30,PL-NGP,B,2026-04-26
SO-78027985,OR,CUST-1057,MAT-CG-10037,114,11073975.82,2027-01-16,PL-BLR,A,2026-08-10
SO-16284386,OR,CUST-1061,MAT-CG-10017,140,8551049.62,2027-02-17,PL-DEL,A,2026-05-19
SO-21425691,OR,CUST-1077,MAT-CG-10025,146,8349744.35,2027-02-12,PL-DEL,A,2025-12-05
SO-32192825,RO,CUST-1086,MAT-CG-10032,71,1839002.75,2027-01-07,PL-BLR,B,2026-02-04
SO-99198877,CS,CUST-1007,MAT-CG-10038,124,2468096.57,2027-01-28,PL-KOL,A,2026-06-24
SO-87977109,OR,CUST-1015,MAT-CG-10017,24,1473087.68,2026-09-11,PL-PUN,B,2025-09-29
SO-75432053,OR,CUST-1087,MAT-CG-10016,47,2410246.32,2027-02-23,PL-NGP,B,2026-05-01
SO-57518791,OR,CUST-1100,MAT-CG-10022,98,21366635.3,2027-01-26,PL-AHM,A,2026-03-27
SO-91167742,OR,CUST-1090,MAT-CG-10041,13,966499.19,2027-02-03,PL-AHM,B,2025-11-17
SO-92114934,OR,CUST-1004,MAT-CG-10016,69,3245467.31,2027-01-08,PL-CHE,A,2026-07-21
SO-30528501,RO,CUST-1044,MAT-CG-10029,4,32504.97,2026-10-06,PL-BLR,A,2025-10-31
SO-94599602,OR,CUST-1036,MAT-CG-10049,64,993210.83,2026-10-02,PL-MUM,B,2025-11-03
